floor,source_file,segment_type,start_idx,end_idx,label,max_change,mean_change,augmented
황대,황대 기름 밝음.csv,liquid_file,0,14,바닥,0.77142333984375,0.16381022334098816,0
황대,황대 기름 밝음.csv,liquid_file,0,14,바닥,0.77142333984375,0.16381022334098816,1
황대,황대 기름 밝음.csv,liquid_file,0,14,바닥,0.77142333984375,0.16381022334098816,1
황대,황대 기름 밝음.csv,liquid_file,4,18,바닥,0.4285888671875,0.14857177436351776,0
황대,황대 기름 밝음.csv,liquid_file,4,18,바닥,0.4285888671875,0.14857177436351776,1
황대,황대 기름 밝음.csv,liquid_file,4,18,바닥,0.4285888671875,0.14857177436351776,1
황대,황대 기름 밝음.csv,liquid_file,8,22,바닥,0.4285888671875,0.12762044370174408,0
황대,황대 기름 밝음.csv,liquid_file,8,22,바닥,0.4285888671875,0.12762044370174408,1
황대,황대 기름 밝음.csv,liquid_file,8,22,바닥,0.4285888671875,0.12762044370174408,1
황대,황대 기름 밝음.csv,liquid_file,12,26,바닥,0.4285888671875,0.13714599609375,0
황대,황대 기름 밝음.csv,liquid_file,12,26,바닥,0.4285888671875,0.13714599609375,1
황대,황대 기름 밝음.csv,liquid_file,12,26,바닥,0.4285888671875,0.13714599609375,1
황대,황대 기름 밝음.csv,liquid_file,16,30,바닥,0.4285888671875,0.21715088188648224,0
황대,황대 기름 밝음.csv,liquid_file,16,30,바닥,0.4285888671875,0.21715088188648224,1
황대,황대 기름 밝음.csv,liquid_file,16,30,바닥,0.4285888671875,0.21715088188648224,1
황대,황대 기름 밝음.csv,liquid_file,20,34,바닥,1.22857666015625,0.4038126766681671,0
황대,황대 기름 밝음.csv,liquid_file,20,34,바닥,1.22857666015625,0.4038126766681671,1
황대,황대 기름 밝음.csv,liquid_file,20,34,바닥,1.22857666015625,0.4038126766681671,1
황대,황대 기름 밝음.csv,liquid_file,24,38,바닥,1.4285888671875,0.6819050908088684,0
황대,황대 기름 밝음.csv,liquid_file,24,38,바닥,1.4285888671875,0.6819050908088684,1
황대,황대 기름 밝음.csv,liquid_file,24,38,바닥,1.4285888671875,0.6819050908088684,1
황대,황대 기름 밝음.csv,liquid_file,28,42,바닥,1.6285400390625,0.9352335333824158,0
황대,황대 기름 밝음.csv,liquid_file,28,42,바닥,1.6285400390625,0.9352335333824158,1
황대,황대 기름 밝음.csv,liquid_file,28,42,바닥,1.6285400390625,0.9352335333824158,1
황대,황대 기름 밝음.csv,liquid_file,32,46,바닥,3.22857666015625,1.4018961191177368,0
황대,황대 기름 밝음.csv,liquid_file,32,46,바닥,3.22857666015625,1.4018961191177368,1
황대,황대 기름 밝음.csv,liquid_file,32,46,바닥,3.22857666015625,1.4018961191177368,1
황대,황대 기름 밝음.csv,liquid_file,36,50,기름,7.82855224609375,2.748563528060913,0
황대,황대 기름 밝음.csv,liquid_file,36,50,기름,7.82855224609375,2.748563528060913,1
황대,황대 기름 밝음.csv,liquid_file,36,50,기름,7.82855224609375,2.748563528060913,1
황대,황대 기름 밝음.csv,liquid_file,40,54,기름,8.22857666015625,4.668566703796387,0
황대,황대 기름 밝음.csv,liquid_file,40,54,기름,8.22857666015625,4.668566703796387,1
황대,황대 기름 밝음.csv,liquid_file,40,54,기름,8.22857666015625,4.668566703796387,1
황대,황대 기름 밝음.csv,liquid_file,44,58,기름,8.22857666015625,6.4952392578125,0
황대,황대 기름 밝음.csv,liquid_file,44,58,기름,8.22857666015625,6.4952392578125,1
황대,황대 기름 밝음.csv,liquid_file,44,58,기름,8.22857666015625,6.4952392578125,1
황대,황대 기름 밝음.csv,liquid_file,48,62,기름,8.4285888671875,7.908573627471924,0
황대,황대 기름 밝음.csv,liquid_file,48,62,기름,8.4285888671875,7.908573627471924,1
황대,황대 기름 밝음.csv,liquid_file,48,62,기름,8.4285888671875,7.908573627471924,1
황대,황대 기름 밝음.csv,liquid_file,52,66,기름,8.6285400390625,8.268567085266113,0
황대,황대 기름 밝음.csv,liquid_file,52,66,기름,8.6285400390625,8.268567085266113,1
황대,황대 기름 밝음.csv,liquid_file,52,66,기름,8.6285400390625,8.268567085266113,1
황대,황대 기름 밝음.csv,liquid_file,56,70,기름,8.6285400390625,8.228564262390137,0
황대,황대 기름 밝음.csv,liquid_file,56,70,기름,8.6285400390625,8.228564262390137,1
황대,황대 기름 밝음.csv,liquid_file,56,70,기름,8.6285400390625,8.228564262390137,1
황대,황대 기름 밝음.csv,liquid_file,60,74,기름,8.6285400390625,8.201895713806152,0
황대,황대 기름 밝음.csv,liquid_file,60,74,기름,8.6285400390625,8.201895713806152,1
황대,황대 기름 밝음.csv,liquid_file,60,74,기름,8.6285400390625,8.201895713806152,1
황대,황대 기름 밝음.csv,liquid_file,64,78,기름,8.6285400390625,8.201895713806152,0
황대,황대 기름 밝음.csv,liquid_file,64,78,기름,8.6285400390625,8.201895713806152,1
황대,황대 기름 밝음.csv,liquid_file,64,78,기름,8.6285400390625,8.201895713806152,1
황대,황대 기름 밝음.csv,liquid_file,68,82,기름,8.4285888671875,8.161906242370605,0
황대,황대 기름 밝음.csv,liquid_file,68,82,기름,8.4285888671875,8.161906242370605,1
황대,황대 기름 밝음.csv,liquid_file,68,82,기름,8.4285888671875,8.161906242370605,1
황대,황대 기름 밝음.csv,liquid_file,72,86,기름,8.4285888671875,8.22857666015625,0
황대,황대 기름 밝음.csv,liquid_file,72,86,기름,8.4285888671875,8.22857666015625,1
황대,황대 기름 밝음.csv,liquid_file,72,86,기름,8.4285888671875,8.22857666015625,1
황대,황대 기름 밝음.csv,liquid_file,76,90,기름,8.6285400390625,8.348580360412598,0
황대,황대 기름 밝음.csv,liquid_file,76,90,기름,8.6285400390625,8.348580360412598,1
황대,황대 기름 밝음.csv,liquid_file,76,90,기름,8.6285400390625,8.348580360412598,1
황대,황대 기름 밝음.csv,liquid_file,80,94,기름,8.6285400390625,8.228580474853516,0
황대,황대 기름 밝음.csv,liquid_file,80,94,기름,8.6285400390625,8.228580474853516,1
황대,황대 기름 밝음.csv,liquid_file,80,94,기름,8.6285400390625,8.228580474853516,1
황대,황대 기름 밝음.csv,liquid_file,84,98,기름,8.6285400390625,6.895239353179932,0
황대,황대 기름 밝음.csv,liquid_file,84,98,기름,8.6285400390625,6.895239353179932,1
황대,황대 기름 밝음.csv,liquid_file,84,98,기름,8.6285400390625,6.895239353179932,1
황대,황대 기름 밝음.csv,liquid_file,88,102,기름,8.6285400390625,4.887613773345947,0
황대,황대 기름 밝음.csv,liquid_file,88,102,기름,8.6285400390625,4.887613773345947,1
황대,황대 기름 밝음.csv,liquid_file,88,102,기름,8.6285400390625,4.887613773345947,1
황대,황대 기름 밝음.csv,liquid_file,92,106,기름,8.4285888671875,3.005708932876587,0
황대,황대 기름 밝음.csv,liquid_file,92,106,기름,8.4285888671875,3.005708932876587,1
황대,황대 기름 밝음.csv,liquid_file,92,106,기름,8.4285888671875,3.005708932876587,1
황대,황대 기름 밝음.csv,liquid_file,96,110,바닥,4.028564453125,1.4438070058822632,0
황대,황대 기름 밝음.csv,liquid_file,96,110,바닥,4.028564453125,1.4438070058822632,1
황대,황대 기름 밝음.csv,liquid_file,96,110,바닥,4.028564453125,1.4438070058822632,1
황대,황대 기름 밝음.csv,liquid_file,100,114,바닥,1.5714111328125,1.0952433347702026,0
황대,황대 기름 밝음.csv,liquid_file,100,114,바닥,1.5714111328125,1.0952433347702026,1
황대,황대 기름 밝음.csv,liquid_file,100,114,바닥,1.5714111328125,1.0952433347702026,1
황대,황대 기름 밝음.csv,liquid_file,104,118,바닥,1.5714111328125,0.9581095576286316,0
황대,황대 기름 밝음.csv,liquid_file,104,118,바닥,1.5714111328125,0.9581095576286316,1
황대,황대 기름 밝음.csv,liquid_file,104,118,바닥,1.5714111328125,0.9581095576286316,1
황대,황대 기름 밝음.csv,liquid_file,108,122,바닥,1.3714599609375,0.8514404296875,0
황대,황대 기름 밝음.csv,liquid_file,108,122,바닥,1.3714599609375,0.8514404296875,1
황대,황대 기름 밝음.csv,liquid_file,108,122,바닥,1.3714599609375,0.8514404296875,1
황대,황대 기름 밝음.csv,liquid_file,112,126,바닥,1.17144775390625,0.771435558795929,0
황대,황대 기름 밝음.csv,liquid_file,112,126,바닥,1.17144775390625,0.771435558795929,1
황대,황대 기름 밝음.csv,liquid_file,112,126,바닥,1.17144775390625,0.771435558795929,1
황대,황대 기름 밝음.csv,liquid_file,116,130,바닥,1.17144775390625,0.7314290404319763,0
황대,황대 기름 밝음.csv,liquid_file,116,130,바닥,1.17144775390625,0.7314290404319763,1
황대,황대 기름 밝음.csv,liquid_file,116,130,바닥,1.17144775390625,0.7314290404319763,1
황대,황대 기름 밝음.csv,liquid_file,120,134,바닥,1.17144775390625,0.744763195514679,0
황대,황대 기름 밝음.csv,liquid_file,120,134,바닥,1.17144775390625,0.744763195514679,1
황대,황대 기름 밝음.csv,liquid_file,120,134,바닥,1.17144775390625,0.744763195514679,1
황대,황대 기름 밝음.csv,liquid_file,124,138,바닥,0.971435546875,0.6780924201011658,0
황대,황대 기름 밝음.csv,liquid_file,124,138,바닥,0.971435546875,0.6780924201011658,1
황대,황대 기름 밝음.csv,liquid_file,124,138,바닥,0.971435546875,0.6780924201011658,1
황대,황대 기름 어둠.csv,liquid_file,0,14,바닥,0.334716796875,0.13823649287223816,0
황대,황대 기름 어둠.csv,liquid_file,0,14,바닥,0.334716796875,0.13823649287223816,1
황대,황대 기름 어둠.csv,liquid_file,0,14,바닥,0.334716796875,0.13823649287223816,1
황대,황대 기름 어둠.csv,liquid_file,5,19,바닥,0.334716796875,0.16490478813648224,0
황대,황대 기름 어둠.csv,liquid_file,5,19,바닥,0.334716796875,0.16490478813648224,1
황대,황대 기름 어둠.csv,liquid_file,5,19,바닥,0.334716796875,0.16490478813648224,1
황대,황대 기름 어둠.csv,liquid_file,10,24,바닥,0.334716796875,0.2182413786649704,0
황대,황대 기름 어둠.csv,liquid_file,10,24,바닥,0.334716796875,0.2182413786649704,1
황대,황대 기름 어둠.csv,liquid_file,10,24,바닥,0.334716796875,0.2182413786649704,1
황대,황대 기름 어둠.csv,liquid_file,15,29,바닥,0.334716796875,0.22804361581802368,0
황대,황대 기름 어둠.csv,liquid_file,15,29,바닥,0.334716796875,0.22804361581802368,1
황대,황대 기름 어둠.csv,liquid_file,15,29,바닥,0.334716796875,0.22804361581802368,1
황대,황대 기름 어둠.csv,liquid_file,20,34,바닥,0.334716796875,0.17416177690029144,0
황대,황대 기름 어둠.csv,liquid_file,20,34,바닥,0.334716796875,0.17416177690029144,1
황대,황대 기름 어둠.csv,liquid_file,20,34,바닥,0.334716796875,0.17416177690029144,1
황대,황대 기름 어둠.csv,liquid_file,25,39,바닥,0.13470458984375,0.111572265625,0
황대,황대 기름 어둠.csv,liquid_file,25,39,바닥,0.13470458984375,0.111572265625,1
황대,황대 기름 어둠.csv,liquid_file,25,39,바닥,0.13470458984375,0.111572265625,1
황대,황대 기름 어둠.csv,liquid_file,30,44,바닥,0.13470458984375,0.10694579780101776,0
황대,황대 기름 어둠.csv,liquid_file,30,44,바닥,0.13470458984375,0.10694579780101776,1
황대,황대 기름 어둠.csv,liquid_file,30,44,바닥,0.13470458984375,0.10694579780101776,1
황대,황대 기름 어둠.csv,liquid_file,35,49,바닥,0.13470458984375,0.09769286960363388,0
황대,황대 기름 어둠.csv,liquid_file,35,49,바닥,0.13470458984375,0.09769286960363388,1
황대,황대 기름 어둠.csv,liquid_file,35,49,바닥,0.13470458984375,0.09769286960363388,1
황대,황대 기름 어둠.csv,liquid_file,40,54,바닥,0.334716796875,0.13361409306526184,0
황대,황대 기름 어둠.csv,liquid_file,40,54,바닥,0.334716796875,0.13361409306526184,1
황대,황대 기름 어둠.csv,liquid_file,40,54,바닥,0.334716796875,0.13361409306526184,1
황대,황대 기름 어둠.csv,liquid_file,45,59,바닥,1.9346923828125,0.4315755069255829,0
황대,황대 기름 어둠.csv,liquid_file,45,59,바닥,1.9346923828125,0.4315755069255829,1
황대,황대 기름 어둠.csv,liquid_file,45,59,바닥,1.9346923828125,0.4315755069255829,1
황대,황대 기름 어둠.csv,liquid_file,50,64,기름,8.0653076171875,1.8449056148529053,0
황대,황대 기름 어둠.csv,liquid_file,50,64,기름,8.0653076171875,1.8449056148529053,1
황대,황대 기름 어둠.csv,liquid_file,50,64,기름,8.0653076171875,1.8449056148529053,1
황대,황대 기름 어둠.csv,liquid_file,55,69,기름,8.0653076171875,4.448437690734863,0
황대,황대 기름 어둠.csv,liquid_file,55,69,기름,8.0653076171875,4.448437690734863,1
황대,황대 기름 어둠.csv,liquid_file,55,69,기름,8.0653076171875,4.448437690734863,1
황대,황대 기름 어둠.csv,liquid_file,60,74,기름,8.0653076171875,6.718632221221924,0
황대,황대 기름 어둠.csv,liquid_file,60,74,기름,8.0653076171875,6.718632221221924,1
황대,황대 기름 어둠.csv,liquid_file,60,74,기름,8.0653076171875,6.718632221221924,1
황대,황대 기름 어둠.csv,liquid_file,65,79,기름,8.0653076171875,7.945300102233887,0
황대,황대 기름 어둠.csv,liquid_file,65,79,기름,8.0653076171875,7.945300102233887,1
황대,황대 기름 어둠.csv,liquid_file,65,79,기름,8.0653076171875,7.945300102233887,1
황대,황대 기름 어둠.csv,liquid_file,70,84,기름,8.2652587890625,8.011954307556152,0
황대,황대 기름 어둠.csv,liquid_file,70,84,기름,8.2652587890625,8.011954307556152,1
황대,황대 기름 어둠.csv,liquid_file,70,84,기름,8.2652587890625,8.011954307556152,1
황대,황대 기름 어둠.csv,liquid_file,75,89,기름,8.2652587890625,8.078625679016113,0
황대,황대 기름 어둠.csv,liquid_file,75,89,기름,8.2652587890625,8.078625679016113,1
황대,황대 기름 어둠.csv,liquid_file,75,89,기름,8.2652587890625,8.078625679016113,1
황대,황대 기름 어둠.csv,liquid_file,80,94,기름,8.2652587890625,8.011954307556152,0
황대,황대 기름 어둠.csv,liquid_file,80,94,기름,8.2652587890625,8.011954307556152,1
황대,황대 기름 어둠.csv,liquid_file,80,94,기름,8.2652587890625,8.011954307556152,1
황대,황대 기름 어둠.csv,liquid_file,85,99,기름,8.46527099609375,8.051957130432129,0
황대,황대 기름 어둠.csv,liquid_file,85,99,기름,8.46527099609375,8.051957130432129,1
황대,황대 기름 어둠.csv,liquid_file,85,99,기름,8.46527099609375,8.051957130432129,1
황대,황대 기름 어둠.csv,liquid_file,90,104,기름,8.46527099609375,8.038619041442871,0
황대,황대 기름 어둠.csv,liquid_file,90,104,기름,8.46527099609375,8.038619041442871,1
황대,황대 기름 어둠.csv,liquid_file,90,104,기름,8.46527099609375,8.038619041442871,1
황대,황대 기름 어둠.csv,liquid_file,95,109,기름,8.46527099609375,8.091955184936523,0
황대,황대 기름 어둠.csv,liquid_file,95,109,기름,8.46527099609375,8.091955184936523,1
황대,황대 기름 어둠.csv,liquid_file,95,109,기름,8.46527099609375,8.091955184936523,1
황대,황대 기름 어둠.csv,liquid_file,100,114,기름,8.2652587890625,7.69195556640625,0
황대,황대 기름 어둠.csv,liquid_file,100,114,기름,8.2652587890625,7.69195556640625,1
황대,황대 기름 어둠.csv,liquid_file,100,114,기름,8.2652587890625,7.69195556640625,1
황대,황대 기름 어둠.csv,liquid_file,105,119,기름,8.2652587890625,5.283247947692871,0
황대,황대 기름 어둠.csv,liquid_file,105,119,기름,8.2652587890625,5.283247947692871,1
황대,황대 기름 어둠.csv,liquid_file,105,119,기름,8.2652587890625,5.283247947692871,1
황대,황대 기름 어둠.csv,liquid_file,110,124,기름,8.2652587890625,2.963244676589966,0
황대,황대 기름 어둠.csv,liquid_file,110,124,기름,8.2652587890625,2.963244676589966,1
황대,황대 기름 어둠.csv,liquid_file,110,124,기름,8.2652587890625,2.963244676589966,1
황대,황대 기름 어둠.csv,liquid_file,115,129,바닥,2.46527099609375,0.883251965045929,0
황대,황대 기름 어둠.csv,liquid_file,115,129,바닥,2.46527099609375,0.883251965045929,1
황대,황대 기름 어둠.csv,liquid_file,115,129,바닥,2.46527099609375,0.883251965045929,1
황대,황대 기름 어둠.csv,liquid_file,120,134,바닥,1.2652587890625,0.9719645380973816,0
황대,황대 기름 어둠.csv,liquid_file,120,134,바닥,1.2652587890625,0.9719645380973816,1
황대,황대 기름 어둠.csv,liquid_file,120,134,바닥,1.2652587890625,0.9719645380973816,1
황대,황대 기름 어둠.csv,liquid_file,125,139,바닥,1.0653076171875,0.9319661259651184,0
황대,황대 기름 어둠.csv,liquid_file,125,139,바닥,1.0653076171875,0.9319661259651184,1
황대,황대 기름 어둠.csv,liquid_file,125,139,바닥,1.0653076171875,0.9319661259651184,1
황대,황대 기름 어둠.csv,liquid_file,130,144,바닥,1.0653076171875,0.86529541015625,0
황대,황대 기름 어둠.csv,liquid_file,130,144,바닥,1.0653076171875,0.86529541015625,1
황대,황대 기름 어둠.csv,liquid_file,130,144,바닥,1.0653076171875,0.86529541015625,1
황대,황대 기름 어둠.csv,liquid_file,135,149,바닥,0.86529541015625,0.7986246943473816,0
황대,황대 기름 어둠.csv,liquid_file,135,149,바닥,0.86529541015625,0.7986246943473816,1
황대,황대 기름 어둠.csv,liquid_file,135,149,바닥,0.86529541015625,0.7986246943473816,1
황대,황대 망고 밝음.csv,liquid_file,0,14,바닥,0.68572998046875,0.4857177734375,0
황대,황대 망고 밝음.csv,liquid_file,0,14,바닥,0.68572998046875,0.4857177734375,1
황대,황대 망고 밝음.csv,liquid_file,0,14,바닥,0.68572998046875,0.4857177734375,1
황대,황대 망고 밝음.csv,liquid_file,4,18,바닥,0.68572998046875,0.4190470278263092,0
황대,황대 망고 밝음.csv,liquid_file,4,18,바닥,0.68572998046875,0.4190470278263092,1
황대,황대 망고 밝음.csv,liquid_file,4,18,바닥,0.68572998046875,0.4190470278263092,1
황대,황대 망고 밝음.csv,liquid_file,8,22,바닥,0.68572998046875,0.49905192852020264,0
황대,황대 망고 밝음.csv,liquid_file,8,22,바닥,0.68572998046875,0.49905192852020264,1
황대,황대 망고 밝음.csv,liquid_file,8,22,바닥,0.68572998046875,0.49905192852020264,1
황대,황대 망고 밝음.csv,liquid_file,12,26,바닥,0.68572998046875,0.4590494930744171,0
황대,황대 망고 밝음.csv,liquid_file,12,26,바닥,0.68572998046875,0.4590494930744171,1
황대,황대 망고 밝음.csv,liquid_file,12,26,바닥,0.68572998046875,0.4590494930744171,1
황대,황대 망고 밝음.csv,liquid_file,16,30,바닥,0.8857421875,0.5523884892463684,0
황대,황대 망고 밝음.csv,liquid_file,16,30,바닥,0.8857421875,0.5523884892463684,1
황대,황대 망고 밝음.csv,liquid_file,16,30,바닥,0.8857421875,0.5523884892463684,1
황대,황대 망고 밝음.csv,liquid_file,20,34,바닥,0.8857421875,0.6590616703033447,0
황대,황대 망고 밝음.csv,liquid_file,20,34,바닥,0.8857421875,0.6590616703033447,1
황대,황대 망고 밝음.csv,liquid_file,20,34,바닥,0.8857421875,0.6590616703033447,1
황대,황대 망고 밝음.csv,liquid_file,24,38,바닥,1.28570556640625,0.7790609002113342,0
황대,황대 망고 밝음.csv,liquid_file,24,38,바닥,1.28570556640625,0.7790609002113342,1
황대,황대 망고 밝음.csv,liquid_file,24,38,바닥,1.28570556640625,0.7790609002113342,1
황대,황대 망고 밝음.csv,liquid_file,28,42,바닥,1.28570556640625,0.9390624761581421,0
황대,황대 망고 밝음.csv,liquid_file,28,42,바닥,1.28570556640625,0.9390624761581421,1
황대,황대 망고 밝음.csv,liquid_file,28,42,바닥,1.28570556640625,0.9390624761581421,1
황대,황대 망고 밝음.csv,liquid_file,32,46,망고,5.8857421875,1.7790608406066895,0
황대,황대 망고 밝음.csv,liquid_file,32,46,망고,5.8857421875,1.7790608406066895,1
황대,황대 망고 밝음.csv,liquid_file,32,46,망고,5.8857421875,1.7790608406066895,1
황대,황대 망고 밝음.csv,liquid_file,36,50,망고,12.4857177734375,4.365726947784424,0
황대,황대 망고 밝음.csv,liquid_file,36,50,망고,12.4857177734375,4.365726947784424,1
황대,황대 망고 밝음.csv,liquid_file,36,50,망고,12.4857177734375,4.365726947784424,1
황대,황대 망고 밝음.csv,liquid_file,40,54,망고,13.28570556640625,7.5657267570495605,0
황대,황대 망고 밝음.csv,liquid_file,40,54,망고,13.28570556640625,7.5657267570495605,1
황대,황대 망고 밝음.csv,liquid_file,40,54,망고,13.28570556640625,7.5657267570495605,1
황대,황대 망고 밝음.csv,liquid_file,44,58,망고,14.28570556640625,10.819055557250977,0
황대,황대 망고 밝음.csv,liquid_file,44,58,망고,14.28570556640625,10.819055557250977,1
황대,황대 망고 밝음.csv,liquid_file,44,58,망고,14.28570556640625,10.819055557250977,1
황대,황대 망고 밝음.csv,liquid_file,48,62,망고,15.28570556640625,13.379060745239258,0
황대,황대 망고 밝음.csv,liquid_file,48,62,망고,15.28570556640625,13.379060745239258,1
황대,황대 망고 밝음.csv,liquid_file,48,62,망고,15.28570556640625,13.379060745239258,1
황대,황대 망고 밝음.csv,liquid_file,52,66,망고,15.28570556640625,14.112394332885742,0
황대,황대 망고 밝음.csv,liquid_file,52,66,망고,15.28570556640625,14.112394332885742,1
황대,황대 망고 밝음.csv,liquid_file,52,66,망고,15.28570556640625,14.112394332885742,1
황대,황대 망고 밝음.csv,liquid_file,56,70,망고,16.08575439453125,14.85906982421875,0
황대,황대 망고 밝음.csv,liquid_file,56,70,망고,16.08575439453125,14.85906982421875,1
황대,황대 망고 밝음.csv,liquid_file,56,70,망고,16.08575439453125,14.85906982421875,1
황대,황대 망고 밝음.csv,liquid_file,60,74,망고,16.8857421875,15.539071083068848,0
황대,황대 망고 밝음.csv,liquid_file,60,74,망고,16.8857421875,15.539071083068848,1
황대,황대 망고 밝음.csv,liquid_file,60,74,망고,16.8857421875,15.539071083068848,1
황대,황대 망고 밝음.csv,liquid_file,64,78,망고,16.8857421875,15.979068756103516,0
황대,황대 망고 밝음.csv,liquid_file,64,78,망고,16.8857421875,15.979068756103516,1
황대,황대 망고 밝음.csv,liquid_file,64,78,망고,16.8857421875,15.979068756103516,1
황대,황대 망고 밝음.csv,liquid_file,68,82,망고,17.8857421875,16.75240135192871,0
황대,황대 망고 밝음.csv,liquid_file,68,82,망고,17.8857421875,16.75240135192871,1
황대,황대 망고 밝음.csv,liquid_file,68,82,망고,17.8857421875,16.75240135192871,1
황대,황대 망고 밝음.csv,liquid_file,72,86,망고,17.8857421875,16.965730667114258,0
황대,황대 망고 밝음.csv,liquid_file,72,86,망고,17.8857421875,16.965730667114258,1
황대,황대 망고 밝음.csv,liquid_file,72,86,망고,17.8857421875,16.965730667114258,1
황대,황대 망고 밝음.csv,liquid_file,76,90,망고,17.8857421875,17.072399139404297,0
황대,황대 망고 밝음.csv,liquid_file,76,90,망고,17.8857421875,17.072399139404297,1
황대,황대 망고 밝음.csv,liquid_file,76,90,망고,17.8857421875,17.072399139404297,1
황대,황대 망고 밝음.csv,liquid_file,80,94,망고,17.8857421875,17.272396087646484,0
황대,황대 망고 밝음.csv,liquid_file,80,94,망고,17.8857421875,17.272396087646484,1
황대,황대 망고 밝음.csv,liquid_file,80,94,망고,17.8857421875,17.272396087646484,1
황대,황대 망고 밝음.csv,liquid_file,84,98,망고,17.4857177734375,16.605730056762695,0
황대,황대 망고 밝음.csv,liquid_file,84,98,망고,17.4857177734375,16.605730056762695,1
황대,황대 망고 밝음.csv,liquid_file,84,98,망고,17.4857177734375,16.605730056762695,1
황대,황대 망고 밝음.csv,liquid_file,88,102,망고,17.4857177734375,14.725728034973145,0
황대,황대 망고 밝음.csv,liquid_file,88,102,망고,17.4857177734375,14.725728034973145,1
황대,황대 망고 밝음.csv,liquid_file,88,102,망고,17.4857177734375,14.725728034973145,1
황대,황대 망고 밝음.csv,liquid_file,92,106,망고,17.4857177734375,11.979061126708984,0
황대,황대 망고 밝음.csv,liquid_file,92,106,망고,17.4857177734375,11.979061126708984,1
황대,황대 망고 밝음.csv,liquid_file,92,106,망고,17.4857177734375,11.979061126708984,1
황대,황대 망고 밝음.csv,liquid_file,96,110,망고,15.8857421875,9.512393951416016,0
황대,황대 망고 밝음.csv,liquid_file,96,110,망고,15.8857421875,9.512393951416016,1
황대,황대 망고 밝음.csv,liquid_file,96,110,망고,15.8857421875,9.512393951416016,1
황대,황대 망고 밝음.csv,liquid_file,100,114,망고,10.08575439453125,8.019062995910645,0
황대,황대 망고 밝음.csv,liquid_file,100,114,망고,10.08575439453125,8.019062995910645,1
황대,황대 망고 밝음.csv,liquid_file,100,114,망고,10.08575439453125,8.019062995910645,1
황대,황대 망고 밝음.csv,liquid_file,104,118,망고,8.8857421875,7.805729389190674,0
황대,황대 망고 밝음.csv,liquid_file,104,118,망고,8.8857421875,7.805729389190674,1
황대,황대 망고 밝음.csv,liquid_file,104,118,망고,8.8857421875,7.805729389190674,1
황대,황대 망고 밝음.csv,liquid_file,108,122,망고,8.8857421875,8.219058990478516,0
황대,황대 망고 밝음.csv,liquid_file,108,122,망고,8.8857421875,8.219058990478516,1
황대,황대 망고 밝음.csv,liquid_file,108,122,망고,8.8857421875,8.219058990478516,1
황대,황대 망고 밝음.csv,liquid_file,112,126,망고,8.68572998046875,7.965722560882568,0
황대,황대 망고 밝음.csv,liquid_file,112,126,망고,8.68572998046875,7.965722560882568,1
황대,황대 망고 밝음.csv,liquid_file,112,126,망고,8.68572998046875,7.965722560882568,1
황대,황대 망고 밝음.csv,liquid_file,116,130,망고,8.68572998046875,7.925724506378174,0
황대,황대 망고 밝음.csv,liquid_file,116,130,망고,8.68572998046875,7.925724506378174,1
황대,황대 망고 밝음.csv,liquid_file,116,130,망고,8.68572998046875,7.925724506378174,1
황대,황대 망고 밝음.csv,liquid_file,120,134,망고,8.68572998046875,7.979052543640137,0
황대,황대 망고 밝음.csv,liquid_file,120,134,망고,8.68572998046875,7.979052543640137,1
황대,황대 망고 밝음.csv,liquid_file,120,134,망고,8.68572998046875,7.979052543640137,1
황대,황대 망고 어둠.csv,liquid_file,0,14,바닥,0.20001220703125,0.17334391176700592,0
황대,황대 망고 어둠.csv,liquid_file,0,14,바닥,0.20001220703125,0.17334391176700592,1
황대,황대 망고 어둠.csv,liquid_file,0,14,바닥,0.20001220703125,0.17334391176700592,1
황대,황대 망고 어둠.csv,liquid_file,4,18,바닥,0.20001220703125,0.14667561650276184,0
황대,황대 망고 어둠.csv,liquid_file,4,18,바닥,0.20001220703125,0.14667561650276184,1
황대,황대 망고 어둠.csv,liquid_file,4,18,바닥,0.20001220703125,0.14667561650276184,1
황대,황대 망고 어둠.csv,liquid_file,8,22,바닥,0.20001220703125,0.1333414763212204,0
황대,황대 망고 어둠.csv,liquid_file,8,22,바닥,0.20001220703125,0.1333414763212204,1
황대,황대 망고 어둠.csv,liquid_file,8,22,바닥,0.20001220703125,0.1333414763212204,1
황대,황대 망고 어둠.csv,liquid_file,12,26,바닥,0.20001220703125,0.08000488579273224,0
황대,황대 망고 어둠.csv,liquid_file,12,26,바닥,0.20001220703125,0.08000488579273224,1
황대,황대 망고 어둠.csv,liquid_file,12,26,바닥,0.20001220703125,0.08000488579273224,1
황대,황대 망고 어둠.csv,liquid_file,16,30,바닥,0.20001220703125,0.10667317360639572,0
황대,황대 망고 어둠.csv,liquid_file,16,30,바닥,0.20001220703125,0.10667317360639572,1
황대,황대 망고 어둠.csv,liquid_file,16,30,바닥,0.20001220703125,0.10667317360639572,1
황대,황대 망고 어둠.csv,liquid_file,20,34,바닥,0.20001220703125,0.1333414763212204,0
황대,황대 망고 어둠.csv,liquid_file,20,34,바닥,0.20001220703125,0.1333414763212204,1
황대,황대 망고 어둠.csv,liquid_file,20,34,바닥,0.20001220703125,0.1333414763212204,1
황대,황대 망고 어둠.csv,liquid_file,24,38,바닥,0.20001220703125,0.14667561650276184,0
황대,황대 망고 어둠.csv,liquid_file,24,38,바닥,0.20001220703125,0.14667561650276184,1
황대,황대 망고 어둠.csv,liquid_file,24,38,바닥,0.20001220703125,0.14667561650276184,1
황대,황대 망고 어둠.csv,liquid_file,28,42,바닥,0.20001220703125,0.14667561650276184,0
황대,황대 망고 어둠.csv,liquid_file,28,42,바닥,0.20001220703125,0.14667561650276184,1
황대,황대 망고 어둠.csv,liquid_file,28,42,바닥,0.20001220703125,0.14667561650276184,1
황대,황대 망고 어둠.csv,liquid_file,32,46,바닥,0.20001220703125,0.09333903342485428,0
황대,황대 망고 어둠.csv,liquid_file,32,46,바닥,0.20001220703125,0.09333903342485428,1
황대,황대 망고 어둠.csv,liquid_file,32,46,바닥,0.20001220703125,0.09333903342485428,1
황대,황대 망고 어둠.csv,liquid_file,36,50,바닥,2.79998779296875,0.3733316957950592,0
황대,황대 망고 어둠.csv,liquid_file,36,50,바닥,2.79998779296875,0.3733316957950592,1
황대,황대 망고 어둠.csv,liquid_file,36,50,바닥,2.79998779296875,0.3733316957950592,1
황대,황대 망고 어둠.csv,liquid_file,40,54,망고,14.20001220703125,2.879992723464966,0
황대,황대 망고 어둠.csv,liquid_file,40,54,망고,14.20001220703125,2.879992723464966,1
황대,황대 망고 어둠.csv,liquid_file,40,54,망고,14.20001220703125,2.879992723464966,1
황대,황대 망고 어둠.csv,liquid_file,44,58,망고,20.20001220703125,7.97332763671875,0
황대,황대 망고 어둠.csv,liquid_file,44,58,망고,20.20001220703125,7.97332763671875,1
황대,황대 망고 어둠.csv,liquid_file,44,58,망고,20.20001220703125,7.97332763671875,1
황대,황대 망고 어둠.csv,liquid_file,48,62,망고,20.20001220703125,13.333329200744629,0
황대,황대 망고 어둠.csv,liquid_file,48,62,망고,20.20001220703125,13.333329200744629,1
황대,황대 망고 어둠.csv,liquid_file,48,62,망고,20.20001220703125,13.333329200744629,1
황대,황대 망고 어둠.csv,liquid_file,52,66,망고,20.20001220703125,18.040002822875977,0
황대,황대 망고 어둠.csv,liquid_file,52,66,망고,20.20001220703125,18.040002822875977,1
황대,황대 망고 어둠.csv,liquid_file,52,66,망고,20.20001220703125,18.040002822875977,1
황대,황대 망고 어둠.csv,liquid_file,56,70,망고,20.20001220703125,20.040006637573242,0
황대,황대 망고 어둠.csv,liquid_file,56,70,망고,20.20001220703125,20.040006637573242,1
황대,황대 망고 어둠.csv,liquid_file,56,70,망고,20.20001220703125,20.040006637573242,1
황대,황대 망고 어둠.csv,liquid_file,60,74,망고,20.39996337890625,20.133333206176758,0
황대,황대 망고 어둠.csv,liquid_file,60,74,망고,20.39996337890625,20.133333206176758,1
황대,황대 망고 어둠.csv,liquid_file,60,74,망고,20.39996337890625,20.133333206176758,1
황대,황대 망고 어둠.csv,liquid_file,64,78,망고,20.39996337890625,20.173328399658203,0
황대,황대 망고 어둠.csv,liquid_file,64,78,망고,20.39996337890625,20.173328399658203,1
황대,황대 망고 어둠.csv,liquid_file,64,78,망고,20.39996337890625,20.173328399658203,1
황대,황대 망고 어둠.csv,liquid_file,68,82,망고,20.39996337890625,20.133325576782227,0
황대,황대 망고 어둠.csv,liquid_file,68,82,망고,20.39996337890625,20.133325576782227,1
황대,황대 망고 어둠.csv,liquid_file,68,82,망고,20.39996337890625,20.133325576782227,1
황대,황대 망고 어둠.csv,liquid_file,72,86,망고,20.39996337890625,20.03998565673828,0
황대,황대 망고 어둠.csv,liquid_file,72,86,망고,20.39996337890625,20.03998565673828,1
황대,황대 망고 어둠.csv,liquid_file,72,86,망고,20.39996337890625,20.03998565673828,1
황대,황대 망고 어둠.csv,liquid_file,76,90,망고,20.39996337890625,19.933324813842773,0
황대,황대 망고 어둠.csv,liquid_file,76,90,망고,20.39996337890625,19.933324813842773,1
황대,황대 망고 어둠.csv,liquid_file,76,90,망고,20.39996337890625,19.933324813842773,1
황대,황대 망고 어둠.csv,liquid_file,80,94,망고,20.20001220703125,19.94666290283203,0
황대,황대 망고 어둠.csv,liquid_file,80,94,망고,20.20001220703125,19.94666290283203,1
황대,황대 망고 어둠.csv,liquid_file,80,94,망고,20.20001220703125,19.94666290283203,1
황대,황대 망고 어둠.csv,liquid_file,84,98,망고,20.20001220703125,20.013334274291992,0
황대,황대 망고 어둠.csv,liquid_file,84,98,망고,20.20001220703125,20.013334274291992,1
황대,황대 망고 어둠.csv,liquid_file,84,98,망고,20.20001220703125,20.013334274291992,1
황대,황대 망고 어둠.csv,liquid_file,88,102,망고,20.20001220703125,19.440006256103516,0
황대,황대 망고 어둠.csv,liquid_file,88,102,망고,20.20001220703125,19.440006256103516,1
황대,황대 망고 어둠.csv,liquid_file,88,102,망고,20.20001220703125,19.440006256103516,1
황대,황대 망고 어둠.csv,liquid_file,92,106,망고,20.20001220703125,15.960001945495605,0
황대,황대 망고 어둠.csv,liquid_file,92,106,망고,20.20001220703125,15.960001945495605,1
황대,황대 망고 어둠.csv,liquid_file,92,106,망고,20.20001220703125,15.960001945495605,1
황대,황대 망고 어둠.csv,liquid_file,96,110,망고,20.20001220703125,11.053324699401855,0
황대,황대 망고 어둠.csv,liquid_file,96,110,망고,20.20001220703125,11.053324699401855,1
황대,황대 망고 어둠.csv,liquid_file,96,110,망고,20.20001220703125,11.053324699401855,1
황대,황대 망고 어둠.csv,liquid_file,100,114,망고,19.20001220703125,6.0933146476745605,0
황대,황대 망고 어둠.csv,liquid_file,100,114,망고,19.20001220703125,6.0933146476745605,1
황대,황대 망고 어둠.csv,liquid_file,100,114,망고,19.20001220703125,6.0933146476745605,1
황대,황대 망고 어둠.csv,liquid_file,104,118,망고,7.79998779296875,2.4533121585845947,0
황대,황대 망고 어둠.csv,liquid_file,104,118,망고,7.79998779296875,2.4533121585845947,1
황대,황대 망고 어둠.csv,liquid_file,104,118,망고,7.79998779296875,2.4533121585845947,1
황대,황대 망고 어둠.csv,liquid_file,108,122,바닥,2.0,1.6533122062683105,0
황대,황대 망고 어둠.csv,liquid_file,108,122,바닥,2.0,1.6533122062683105,1
황대,황대 망고 어둠.csv,liquid_file,108,122,바닥,2.0,1.6533122062683105,1
황대,황대 망고 어둠.csv,liquid_file,112,126,바닥,2.0,1.7866536378860474,0
황대,황대 망고 어둠.csv,liquid_file,112,126,바닥,2.0,1.7866536378860474,1
황대,황대 망고 어둠.csv,liquid_file,112,126,바닥,2.0,1.7866536378860474,1
황대,황대 망고 어둠.csv,liquid_file,116,130,바닥,2.20001220703125,1.9199950695037842,0
황대,황대 망고 어둠.csv,liquid_file,116,130,바닥,2.20001220703125,1.9199950695037842,1
황대,황대 망고 어둠.csv,liquid_file,116,130,바닥,2.20001220703125,1.9199950695037842,1
황대,황대 망고 어둠.csv,liquid_file,120,134,바닥,2.20001220703125,1.9333292245864868,0
황대,황대 망고 어둠.csv,liquid_file,120,134,바닥,2.20001220703125,1.9333292245864868,1
황대,황대 망고 어둠.csv,liquid_file,120,134,바닥,2.20001220703125,1.9333292245864868,1
황대,황대 망고 어둠.csv,liquid_file,124,138,바닥,2.20001220703125,1.9333292245864868,0
황대,황대 망고 어둠.csv,liquid_file,124,138,바닥,2.20001220703125,1.9333292245864868,1
황대,황대 망고 어둠.csv,liquid_file,124,138,바닥,2.20001220703125,1.9333292245864868,1
황대,황대 물 밝음.csv,liquid_file,0,14,바닥,0.36737060546875,0.22940267622470856,0
황대,황대 물 밝음.csv,liquid_file,0,14,바닥,0.36737060546875,0.22940267622470856,1
황대,황대 물 밝음.csv,liquid_file,0,14,바닥,0.36737060546875,0.22940267622470856,1
황대,황대 물 밝음.csv,liquid_file,6,20,바닥,0.36737060546875,0.19375406205654144,0
황대,황대 물 밝음.csv,liquid_file,6,20,바닥,0.36737060546875,0.19375406205654144,1
황대,황대 물 밝음.csv,liquid_file,6,20,바닥,0.36737060546875,0.19375406205654144,1
황대,황대 물 밝음.csv,liquid_file,12,26,바닥,0.4326171875,0.14884847402572632,0
황대,황대 물 밝음.csv,liquid_file,12,26,바닥,0.4326171875,0.14884847402572632,1
황대,황대 물 밝음.csv,liquid_file,12,26,바닥,0.4326171875,0.14884847402572632,1
황대,황대 물 밝음.csv,liquid_file,18,32,바닥,0.4326171875,0.19783121347427368,0
황대,황대 물 밝음.csv,liquid_file,18,32,바닥,0.4326171875,0.19783121347427368,1
황대,황대 물 밝음.csv,liquid_file,18,32,바닥,0.4326171875,0.19783121347427368,1
황대,황대 물 밝음.csv,liquid_file,24,38,바닥,0.4326171875,0.19347737729549408,0
황대,황대 물 밝음.csv,liquid_file,24,38,바닥,0.4326171875,0.19347737729549408,1
황대,황대 물 밝음.csv,liquid_file,24,38,바닥,0.4326171875,0.19347737729549408,1
황대,황대 물 밝음.csv,liquid_file,30,44,바닥,1.63262939453125,0.39755046367645264,0
황대,황대 물 밝음.csv,liquid_file,30,44,바닥,1.63262939453125,0.39755046367645264,1
황대,황대 물 밝음.csv,liquid_file,30,44,바닥,1.63262939453125,0.39755046367645264,1
황대,황대 물 밝음.csv,liquid_file,36,50,바닥,2.232666015625,1.2059855461120605,0
황대,황대 물 밝음.csv,liquid_file,36,50,바닥,2.232666015625,1.2059855461120605,1
황대,황대 물 밝음.csv,liquid_file,36,50,바닥,2.232666015625,1.2059855461120605,1
황대,황대 물 밝음.csv,liquid_file,42,56,바닥,3.03265380859375,2.0059895515441895,0
황대,황대 물 밝음.csv,liquid_file,42,56,바닥,3.03265380859375,2.0059895515441895,1
황대,황대 물 밝음.csv,liquid_file,42,56,바닥,3.03265380859375,2.0059895515441895,1
황대,황대 물 밝음.csv,liquid_file,48,62,물,23.63262939453125,7.339318752288818,0
황대,황대 물 밝음.csv,liquid_file,48,62,물,23.63262939453125,7.339318752288818,1
황대,황대 물 밝음.csv,liquid_file,48,62,물,23.63262939453125,7.339318752288818,1
황대,황대 물 밝음.csv,liquid_file,54,68,물,24.63262939453125,16.165971755981445,0
황대,황대 물 밝음.csv,liquid_file,54,68,물,24.63262939453125,16.165971755981445,1
황대,황대 물 밝음.csv,liquid_file,54,68,물,24.63262939453125,16.165971755981445,1
황대,황대 물 밝음.csv,liquid_file,60,74,물,24.63262939453125,22.819303512573242,0
황대,황대 물 밝음.csv,liquid_file,60,74,물,24.63262939453125,22.819303512573242,1
황대,황대 물 밝음.csv,liquid_file,60,74,물,24.63262939453125,22.819303512573242,1
황대,황대 물 밝음.csv,liquid_file,66,80,물,24.4326171875,22.579309463500977,0
황대,황대 물 밝음.csv,liquid_file,66,80,물,24.4326171875,22.579309463500977,1
황대,황대 물 밝음.csv,liquid_file,66,80,물,24.4326171875,22.579309463500977,1
황대,황대 물 밝음.csv,liquid_file,72,86,물,22.4326171875,22.112646102905273,0
황대,황대 물 밝음.csv,liquid_file,72,86,물,22.4326171875,22.112646102905273,1
황대,황대 물 밝음.csv,liquid_file,72,86,물,22.4326171875,22.112646102905273,1
황대,황대 물 밝음.csv,liquid_file,78,92,물,22.4326171875,22.17931365966797,0
황대,황대 물 밝음.csv,liquid_file,78,92,물,22.4326171875,22.17931365966797,1
황대,황대 물 밝음.csv,liquid_file,78,92,물,22.4326171875,22.17931365966797,1
황대,황대 물 밝음.csv,liquid_file,84,98,물,22.63262939453125,22.219310760498047,0
황대,황대 물 밝음.csv,liquid_file,84,98,물,22.63262939453125,22.219310760498047,1
황대,황대 물 밝음.csv,liquid_file,84,98,물,22.63262939453125,22.219310760498047,1
황대,황대 물 밝음.csv,liquid_file,90,104,물,22.63262939453125,22.165979385375977,0
황대,황대 물 밝음.csv,liquid_file,90,104,물,22.63262939453125,22.165979385375977,1
황대,황대 물 밝음.csv,liquid_file,90,104,물,22.63262939453125,22.165979385375977,1
황대,황대 물 밝음.csv,liquid_file,96,110,물,24.232666015625,22.63265037536621,0
황대,황대 물 밝음.csv,liquid_file,96,110,물,24.232666015625,22.63265037536621,1
황대,황대 물 밝음.csv,liquid_file,96,110,물,24.232666015625,22.63265037536621,1
황대,황대 물 밝음.csv,liquid_file,102,116,물,24.4326171875,23.539310455322266,0
황대,황대 물 밝음.csv,liquid_file,102,116,물,24.4326171875,23.539310455322266,1
황대,황대 물 밝음.csv,liquid_file,102,116,물,24.4326171875,23.539310455322266,1
황대,황대 물 밝음.csv,liquid_file,108,122,물,24.63262939453125,23.059309005737305,0
황대,황대 물 밝음.csv,liquid_file,108,122,물,24.63262939453125,23.059309005737305,1
황대,황대 물 밝음.csv,liquid_file,108,122,물,24.63262939453125,23.059309005737305,1
황대,황대 물 밝음.csv,liquid_file,114,128,물,24.63262939453125,15.285969734191895,0
황대,황대 물 밝음.csv,liquid_file,114,128,물,24.63262939453125,15.285969734191895,1
황대,황대 물 밝음.csv,liquid_file,114,128,물,24.63262939453125,15.285969734191895,1
황대,황대 물 밝음.csv,liquid_file,120,134,물,22.03265380859375,6.379309177398682,0
황대,황대 물 밝음.csv,liquid_file,120,134,물,22.03265380859375,6.379309177398682,1
황대,황대 물 밝음.csv,liquid_file,120,134,물,22.03265380859375,6.379309177398682,1
황대,황대 물 밝음.csv,liquid_file,126,140,바닥,3.03265380859375,1.5926350355148315,0
황대,황대 물 밝음.csv,liquid_file,126,140,바닥,3.03265380859375,1.5926350355148315,1
황대,황대 물 밝음.csv,liquid_file,126,140,바닥,3.03265380859375,1.5926350355148315,1
황대,황대 물 밝음.csv,liquid_file,132,146,바닥,2.232666015625,0.6859700679779053,0
황대,황대 물 밝음.csv,liquid_file,132,146,바닥,2.232666015625,0.6859700679779053,1
황대,황대 물 밝음.csv,liquid_file,132,146,바닥,2.232666015625,0.6859700679779053,1
황대,황대 물 밝음.csv,liquid_file,138,152,바닥,0.8326416015625,0.39263916015625,0
황대,황대 물 밝음.csv,liquid_file,138,152,바닥,0.8326416015625,0.39263916015625,1
황대,황대 물 밝음.csv,liquid_file,138,152,바닥,0.8326416015625,0.39263916015625,1
황대,황대 물 밝음.csv,liquid_file,144,158,바닥,0.8326416015625,0.3393107056617737,0
황대,황대 물 밝음.csv,liquid_file,144,158,바닥,0.8326416015625,0.3393107056617737,1
황대,황대 물 밝음.csv,liquid_file,144,158,바닥,0.8326416015625,0.3393107056617737,1
황대,황대 물 밝음.csv,liquid_file,150,164,바닥,0.63262939453125,0.27265217900276184,0
황대,황대 물 밝음.csv,liquid_file,150,164,바닥,0.63262939453125,0.27265217900276184,1
황대,황대 물 밝음.csv,liquid_file,150,164,바닥,0.63262939453125,0.27265217900276184,1
황대,황대 물 밝음.csv,liquid_file,156,170,바닥,0.63262939453125,0.2726481258869171,0
황대,황대 물 밝음.csv,liquid_file,156,170,바닥,0.63262939453125,0.2726481258869171,1
황대,황대 물 밝음.csv,liquid_file,156,170,바닥,0.63262939453125,0.2726481258869171,1
황대,황대 물 어둠.csv,liquid_file,0,14,바닥,1.6612548828125,1.4345743656158447,0
황대,황대 물 어둠.csv,liquid_file,0,14,바닥,1.6612548828125,1.4345743656158447,1
황대,황대 물 어둠.csv,liquid_file,0,14,바닥,1.6612548828125,1.4345743656158447,1
황대,황대 물 어둠.csv,liquid_file,6,20,바닥,1.6612548828125,1.3412353992462158,0
황대,황대 물 어둠.csv,liquid_file,6,20,바닥,1.6612548828125,1.3412353992462158,1
황대,황대 물 어둠.csv,liquid_file,6,20,바닥,1.6612548828125,1.3412353992462158,1
황대,황대 물 어둠.csv,liquid_file,12,26,바닥,1.46124267578125,1.221228003501892,0
황대,황대 물 어둠.csv,liquid_file,12,26,바닥,1.46124267578125,1.221228003501892,1
황대,황대 물 어둠.csv,liquid_file,12,26,바닥,1.46124267578125,1.221228003501892,1
황대,황대 물 어둠.csv,liquid_file,18,32,바닥,1.46124267578125,1.301232933998108,0
황대,황대 물 어둠.csv,liquid_file,18,32,바닥,1.46124267578125,1.301232933998108,1
황대,황대 물 어둠.csv,liquid_file,18,32,바닥,1.46124267578125,1.301232933998108,1
황대,황대 물 어둠.csv,liquid_file,24,38,바닥,1.86126708984375,1.5545817613601685,0
황대,황대 물 어둠.csv,liquid_file,24,38,바닥,1.86126708984375,1.5545817613601685,1
황대,황대 물 어둠.csv,liquid_file,24,38,바닥,1.86126708984375,1.5545817613601685,1
황대,황대 물 어둠.csv,liquid_file,30,44,바닥,1.86126708984375,1.5812499523162842,0
황대,황대 물 어둠.csv,liquid_file,30,44,바닥,1.86126708984375,1.5812499523162842,1
황대,황대 물 어둠.csv,liquid_file,30,44,바닥,1.86126708984375,1.5812499523162842,1
황대,황대 물 어둠.csv,liquid_file,36,50,바닥,1.86126708984375,1.5945841073989868,0
황대,황대 물 어둠.csv,liquid_file,36,50,바닥,1.86126708984375,1.5945841073989868,1
황대,황대 물 어둠.csv,liquid_file,36,50,바닥,1.86126708984375,1.5945841073989868,1
황대,황대 물 어둠.csv,liquid_file,42,56,바닥,1.86126708984375,1.5145792961120605,0
황대,황대 물 어둠.csv,liquid_file,42,56,바닥,1.86126708984375,1.5145792961120605,1
황대,황대 물 어둠.csv,liquid_file,42,56,바닥,1.86126708984375,1.5145792961120605,1
황대,황대 물 어둠.csv,liquid_file,48,62,바닥,3.26123046875,1.4479044675827026,0
황대,황대 물 어둠.csv,liquid_file,48,62,바닥,3.26123046875,1.4479044675827026,1
황대,황대 물 어둠.csv,liquid_file,48,62,바닥,3.26123046875,1.4479044675827026,1
황대,황대 물 어둠.csv,liquid_file,54,68,물,15.26123046875,5.4079060554504395,0
황대,황대 물 어둠.csv,liquid_file,54,68,물,15.26123046875,5.4079060554504395,1
황대,황대 물 어둠.csv,liquid_file,54,68,물,15.26123046875,5.4079060554504395,1
황대,황대 물 어둠.csv,liquid_file,60,74,물,16.6612548828125,11.354578018188477,0
황대,황대 물 어둠.csv,liquid_file,60,74,물,16.6612548828125,11.354578018188477,1
황대,황대 물 어둠.csv,liquid_file,60,74,물,16.6612548828125,11.354578018188477,1
황대,황대 물 어둠.csv,liquid_file,66,80,물,16.86126708984375,16.007917404174805,0
황대,황대 물 어둠.csv,liquid_file,66,80,물,16.86126708984375,16.007917404174805,1
황대,황대 물 어둠.csv,liquid_file,66,80,물,16.86126708984375,16.007917404174805,1
황대,황대 물 어둠.csv,liquid_file,72,86,물,16.86126708984375,16.701257705688477,0
황대,황대 물 어둠.csv,liquid_file,72,86,물,16.86126708984375,16.701257705688477,1
황대,황대 물 어둠.csv,liquid_file,72,86,물,16.86126708984375,16.701257705688477,1
황대,황대 물 어둠.csv,liquid_file,78,92,물,16.86126708984375,16.701257705688477,0
황대,황대 물 어둠.csv,liquid_file,78,92,물,16.86126708984375,16.701257705688477,1
황대,황대 물 어둠.csv,liquid_file,78,92,물,16.86126708984375,16.701257705688477,1
황대,황대 물 어둠.csv,liquid_file,84,98,물,17.06121826171875,16.701244354248047,0
황대,황대 물 어둠.csv,liquid_file,84,98,물,17.06121826171875,16.701244354248047,1
황대,황대 물 어둠.csv,liquid_file,84,98,물,17.06121826171875,16.701244354248047,1
황대,황대 물 어둠.csv,liquid_file,90,104,물,17.06121826171875,16.701244354248047,0
황대,황대 물 어둠.csv,liquid_file,90,104,물,17.06121826171875,16.701244354248047,1
황대,황대 물 어둠.csv,liquid_file,90,104,물,17.06121826171875,16.701244354248047,1
황대,황대 물 어둠.csv,liquid_file,96,110,물,17.06121826171875,16.767915725708008,0
황대,황대 물 어둠.csv,liquid_file,96,110,물,17.06121826171875,16.767915725708008,1
황대,황대 물 어둠.csv,liquid_file,96,110,물,17.06121826171875,16.767915725708008,1
황대,황대 물 어둠.csv,liquid_file,102,116,물,16.86126708984375,16.71459197998047,0
황대,황대 물 어둠.csv,liquid_file,102,116,물,16.86126708984375,16.71459197998047,1
황대,황대 물 어둠.csv,liquid_file,102,116,물,16.86126708984375,16.71459197998047,1
황대,황대 물 어둠.csv,liquid_file,108,122,물,16.86126708984375,16.261247634887695,0
황대,황대 물 어둠.csv,liquid_file,108,122,물,16.86126708984375,16.261247634887695,1
황대,황대 물 어둠.csv,liquid_file,108,122,물,16.86126708984375,16.261247634887695,1
황대,황대 물 어둠.csv,liquid_file,114,128,물,16.86126708984375,12.007902145385742,0
황대,황대 물 어둠.csv,liquid_file,114,128,물,16.86126708984375,12.007902145385742,1
황대,황대 물 어둠.csv,liquid_file,114,128,물,16.86126708984375,12.007902145385742,1
황대,황대 물 어둠.csv,liquid_file,120,134,물,16.26123046875,7.287907123565674,0
황대,황대 물 어둠.csv,liquid_file,120,134,물,16.26123046875,7.287907123565674,1
황대,황대 물 어둠.csv,liquid_file,120,134,물,16.26123046875,7.287907123565674,1
황대,황대 물 어둠.csv,liquid_file,126,140,바닥,4.86126708984375,4.6079182624816895,0
황대,황대 물 어둠.csv,liquid_file,126,140,바닥,4.86126708984375,4.6079182624816895,1
황대,황대 물 어둠.csv,liquid_file,126,140,바닥,4.86126708984375,4.6079182624816895,1
황대,황대 물 어둠.csv,liquid_file,132,146,바닥,5.06121826171875,4.821248531341553,0
황대,황대 물 어둠.csv,liquid_file,132,146,바닥,5.06121826171875,4.821248531341553,1
황대,황대 물 어둠.csv,liquid_file,132,146,바닥,5.06121826171875,4.821248531341553,1
황대,황대 물 어둠.csv,liquid_file,138,152,바닥,5.06121826171875,4.674572944641113,0
황대,황대 물 어둠.csv,liquid_file,138,152,바닥,5.06121826171875,4.674572944641113,1
황대,황대 물 어둠.csv,liquid_file,138,152,바닥,5.06121826171875,4.674572944641113,1
황대,황대 물 어둠.csv,liquid_file,144,158,바닥,5.06121826171875,4.0745768547058105,0
황대,황대 물 어둠.csv,liquid_file,144,158,바닥,5.06121826171875,4.0745768547058105,1
황대,황대 물 어둠.csv,liquid_file,144,158,바닥,5.06121826171875,4.0745768547058105,1
황대,황대 물 어둠.csv,liquid_file,150,164,바닥,4.46124267578125,3.0612385272979736,0
황대,황대 물 어둠.csv,liquid_file,150,164,바닥,4.46124267578125,3.0612385272979736,1
황대,황대 물 어둠.csv,liquid_file,150,164,바닥,4.46124267578125,3.0612385272979736,1
황대,황대 물 어둠.csv,liquid_file,156,170,바닥,3.26123046875,2.074572801589966,0
황대,황대 물 어둠.csv,liquid_file,156,170,바닥,3.26123046875,2.074572801589966,1
황대,황대 물 어둠.csv,liquid_file,156,170,바닥,3.26123046875,2.074572801589966,1
황대,황대 우유 밝음.csv,liquid_file,0,14,바닥,1.45306396484375,1.0930460691452026,0
황대,황대 우유 밝음.csv,liquid_file,0,14,바닥,1.45306396484375,1.0930460691452026,1
황대,황대 우유 밝음.csv,liquid_file,0,14,바닥,1.45306396484375,1.0930460691452026,1
황대,황대 우유 밝음.csv,liquid_file,5,19,바닥,1.45306396484375,1.2397176027297974,0
황대,황대 우유 밝음.csv,liquid_file,5,19,바닥,1.45306396484375,1.2397176027297974,1
황대,황대 우유 밝음.csv,liquid_file,5,19,바닥,1.45306396484375,1.2397176027297974,1
황대,황대 우유 밝음.csv,liquid_file,10,24,바닥,1.45306396484375,1.1730468273162842,0
황대,황대 우유 밝음.csv,liquid_file,10,24,바닥,1.45306396484375,1.1730468273162842,1
황대,황대 우유 밝음.csv,liquid_file,10,24,바닥,1.45306396484375,1.1730468273162842,1
황대,황대 우유 밝음.csv,liquid_file,15,29,바닥,1.45306396484375,1.2263834476470947,0
황대,황대 우유 밝음.csv,liquid_file,15,29,바닥,1.45306396484375,1.2263834476470947,1
황대,황대 우유 밝음.csv,liquid_file,15,29,바닥,1.45306396484375,1.2263834476470947,1
황대,황대 우유 밝음.csv,liquid_file,20,34,바닥,1.45306396484375,1.1330444812774658,0
황대,황대 우유 밝음.csv,liquid_file,20,34,바닥,1.45306396484375,1.1330444812774658,1
황대,황대 우유 밝음.csv,liquid_file,20,34,바닥,1.45306396484375,1.1330444812774658,1
황대,황대 우유 밝음.csv,liquid_file,25,39,바닥,1.45306396484375,1.1597126722335815,0
황대,황대 우유 밝음.csv,liquid_file,25,39,바닥,1.45306396484375,1.1597126722335815,1
황대,황대 우유 밝음.csv,liquid_file,25,39,바닥,1.45306396484375,1.1597126722335815,1
황대,황대 우유 밝음.csv,liquid_file,30,44,바닥,1.45306396484375,0.8380818963050842,0
황대,황대 우유 밝음.csv,liquid_file,30,44,바닥,1.45306396484375,0.8380818963050842,1
황대,황대 우유 밝음.csv,liquid_file,30,44,바닥,1.45306396484375,0.8380818963050842,1
황대,황대 우유 밝음.csv,liquid_file,35,49,바닥,1.45306396484375,0.551013171672821,0
황대,황대 우유 밝음.csv,liquid_file,35,49,바닥,1.45306396484375,0.551013171672821,1
황대,황대 우유 밝음.csv,liquid_file,35,49,바닥,1.45306396484375,0.551013171672821,1
황대,황대 우유 밝음.csv,liquid_file,40,54,바닥,2.45306396484375,0.3706095516681671,0
황대,황대 우유 밝음.csv,liquid_file,40,54,바닥,2.45306396484375,0.3706095516681671,1
황대,황대 우유 밝음.csv,liquid_file,40,54,바닥,2.45306396484375,0.3706095516681671,1
황대,황대 우유 밝음.csv,liquid_file,45,59,우유,44.05303955078125,8.198904991149902,0
황대,황대 우유 밝음.csv,liquid_file,45,59,우유,44.05303955078125,8.198904991149902,1
황대,황대 우유 밝음.csv,liquid_file,45,59,우유,44.05303955078125,8.198904991149902,1
황대,황대 우유 밝음.csv,liquid_file,50,64,우유,62.85302734375,28.165979385375977,0
황대,황대 우유 밝음.csv,liquid_file,50,64,우유,62.85302734375,28.165979385375977,1
황대,황대 우유 밝음.csv,liquid_file,50,64,우유,62.85302734375,28.165979385375977,1
황대,황대 우유 밝음.csv,liquid_file,55,69,우유,63.2530517578125,48.9063835144043,0
황대,황대 우유 밝음.csv,liquid_file,55,69,우유,63.2530517578125,48.9063835144043,1
황대,황대 우유 밝음.csv,liquid_file,55,69,우유,63.2530517578125,48.9063835144043,1
황대,황대 우유 밝음.csv,liquid_file,60,74,우유,64.653076171875,62.373050689697266,0
황대,황대 우유 밝음.csv,liquid_file,60,74,우유,64.653076171875,62.373050689697266,1
황대,황대 우유 밝음.csv,liquid_file,60,74,우유,64.653076171875,62.373050689697266,1
황대,황대 우유 밝음.csv,liquid_file,65,79,우유,64.85302734375,63.9063835144043,0
황대,황대 우유 밝음.csv,liquid_file,65,79,우유,64.85302734375,63.9063835144043,1
황대,황대 우유 밝음.csv,liquid_file,65,79,우유,64.85302734375,63.9063835144043,1
황대,황대 우유 밝음.csv,liquid_file,70,84,우유,64.85302734375,64.45304870605469,0
황대,황대 우유 밝음.csv,liquid_file,70,84,우유,64.85302734375,64.45304870605469,1
황대,황대 우유 밝음.csv,liquid_file,70,84,우유,64.85302734375,64.45304870605469,1
황대,황대 우유 밝음.csv,liquid_file,75,89,우유,64.85302734375,64.30638885498047,0
황대,황대 우유 밝음.csv,liquid_file,75,89,우유,64.85302734375,64.30638885498047,1
황대,황대 우유 밝음.csv,liquid_file,75,89,우유,64.85302734375,64.30638885498047,1
황대,황대 우유 밝음.csv,liquid_file,80,94,우유,64.85302734375,63.77305221557617,0
황대,황대 우유 밝음.csv,liquid_file,80,94,우유,64.85302734375,63.77305221557617,1
황대,황대 우유 밝음.csv,liquid_file,80,94,우유,64.85302734375,63.77305221557617,1
황대,황대 우유 밝음.csv,liquid_file,85,99,우유,64.2530517578125,63.253047943115234,0
황대,황대 우유 밝음.csv,liquid_file,85,99,우유,64.2530517578125,63.253047943115234,1
황대,황대 우유 밝음.csv,liquid_file,85,99,우유,64.2530517578125,63.253047943115234,1
황대,황대 우유 밝음.csv,liquid_file,90,104,우유,63.2530517578125,62.786380767822266,0
황대,황대 우유 밝음.csv,liquid_file,90,104,우유,63.2530517578125,62.786380767822266,1
황대,황대 우유 밝음.csv,liquid_file,90,104,우유,63.2530517578125,62.786380767822266,1
황대,황대 우유 밝음.csv,liquid_file,95,109,우유,63.2530517578125,62.46638107299805,0
황대,황대 우유 밝음.csv,liquid_file,95,109,우유,63.2530517578125,62.46638107299805,1
황대,황대 우유 밝음.csv,liquid_file,95,109,우유,63.2530517578125,62.46638107299805,1
황대,황대 우유 밝음.csv,liquid_file,100,114,우유,62.653076171875,60.799720764160156,0
황대,황대 우유 밝음.csv,liquid_file,100,114,우유,62.653076171875,60.799720764160156,1
황대,황대 우유 밝음.csv,liquid_file,100,114,우유,62.653076171875,60.799720764160156,1
황대,황대 우유 밝음.csv,liquid_file,105,119,우유,62.2530517578125,45.42638397216797,0
황대,황대 우유 밝음.csv,liquid_file,105,119,우유,62.2530517578125,45.42638397216797,1
황대,황대 우유 밝음.csv,liquid_file,105,119,우유,62.2530517578125,45.42638397216797,1
황대,황대 우유 밝음.csv,liquid_file,110,124,우유,62.05303955078125,24.919721603393555,0
황대,황대 우유 밝음.csv,liquid_file,110,124,우유,62.05303955078125,24.919721603393555,1
황대,황대 우유 밝음.csv,liquid_file,110,124,우유,62.05303955078125,24.919721603393555,1
황대,황대 우유 밝음.csv,liquid_file,115,129,우유,36.45306396484375,6.106388568878174,0
황대,황대 우유 밝음.csv,liquid_file,115,129,우유,36.45306396484375,6.106388568878174,1
황대,황대 우유 밝음.csv,liquid_file,115,129,우유,36.45306396484375,6.106388568878174,1
황대,황대 우유 밝음.csv,liquid_file,120,134,바닥,3.2530517578125,1.6530557870864868,0
황대,황대 우유 밝음.csv,liquid_file,120,134,바닥,3.2530517578125,1.6530557870864868,1
황대,황대 우유 밝음.csv,liquid_file,120,134,바닥,3.2530517578125,1.6530557870864868,1
황대,황대 우유 밝음.csv,liquid_file,125,139,바닥,3.2530517578125,2.4930500984191895,0
황대,황대 우유 밝음.csv,liquid_file,125,139,바닥,3.2530517578125,2.4930500984191895,1
황대,황대 우유 밝음.csv,liquid_file,125,139,바닥,3.2530517578125,2.4930500984191895,1
황대,황대 우유 밝음.csv,liquid_file,130,144,바닥,3.2530517578125,2.9330525398254395,0
황대,황대 우유 밝음.csv,liquid_file,130,144,바닥,3.2530517578125,2.9330525398254395,1
황대,황대 우유 밝음.csv,liquid_file,130,144,바닥,3.2530517578125,2.9330525398254395,1
황대,황대 우유 밝음.csv,liquid_file,135,149,바닥,3.2530517578125,2.959716796875,0
황대,황대 우유 밝음.csv,liquid_file,135,149,바닥,3.2530517578125,2.959716796875,1
황대,황대 우유 밝음.csv,liquid_file,135,149,바닥,3.2530517578125,2.959716796875,1
황대,황대 우유 밝음.csv,liquid_file,140,154,바닥,3.2530517578125,2.826387643814087,0
황대,황대 우유 밝음.csv,liquid_file,140,154,바닥,3.2530517578125,2.826387643814087,1
황대,황대 우유 밝음.csv,liquid_file,140,154,바닥,3.2530517578125,2.826387643814087,1
황대,황대 우유 밝음.csv,liquid_file,145,159,바닥,3.2530517578125,2.7463908195495605,0
황대,황대 우유 밝음.csv,liquid_file,145,159,바닥,3.2530517578125,2.7463908195495605,1
황대,황대 우유 밝음.csv,liquid_file,145,159,바닥,3.2530517578125,2.7463908195495605,1
황대,황대 우유 어둠.csv,liquid_file,0,14,바닥,0.26531982421875,0.1319783478975296,0
황대,황대 우유 어둠.csv,liquid_file,0,14,바닥,0.26531982421875,0.1319783478975296,1
황대,황대 우유 어둠.csv,liquid_file,0,14,바닥,0.26531982421875,0.1319783478975296,1
황대,황대 우유 어둠.csv,liquid_file,5,19,바닥,0.26531982421875,0.1319783478975296,0
황대,황대 우유 어둠.csv,liquid_file,5,19,바닥,0.26531982421875,0.1319783478975296,1
황대,황대 우유 어둠.csv,liquid_file,5,19,바닥,0.26531982421875,0.1319783478975296,1
황대,황대 우유 어둠.csv,liquid_file,10,24,바닥,0.26531982421875,0.11864420771598816,0
황대,황대 우유 어둠.csv,liquid_file,10,24,바닥,0.26531982421875,0.11864420771598816,1
황대,황대 우유 어둠.csv,liquid_file,10,24,바닥,0.26531982421875,0.11864420771598816,1
황대,황대 우유 어둠.csv,liquid_file,15,29,바닥,0.26531982421875,0.09660237282514572,0
황대,황대 우유 어둠.csv,liquid_file,15,29,바닥,0.26531982421875,0.09660237282514572,1
황대,황대 우유 어둠.csv,liquid_file,15,29,바닥,0.26531982421875,0.09660237282514572,1
황대,황대 우유 어둠.csv,liquid_file,20,34,바닥,0.53466796875,0.1417643278837204,0
황대,황대 우유 어둠.csv,liquid_file,20,34,바닥,0.53466796875,0.1417643278837204,1
황대,황대 우유 어둠.csv,liquid_file,20,34,바닥,0.53466796875,0.1417643278837204,1
황대,황대 우유 어둠.csv,liquid_file,25,39,바닥,0.53466796875,0.18230387568473816,0
황대,황대 우유 어둠.csv,liquid_file,25,39,바닥,0.53466796875,0.18230387568473816,1
황대,황대 우유 어둠.csv,liquid_file,25,39,바닥,0.53466796875,0.18230387568473816,1
황대,황대 우유 어둠.csv,liquid_file,30,44,바닥,0.53466796875,0.22746989130973816,0
황대,황대 우유 어둠.csv,liquid_file,30,44,바닥,0.53466796875,0.22746989130973816,1
황대,황대 우유 어둠.csv,liquid_file,30,44,바닥,0.53466796875,0.22746989130973816,1
황대,황대 우유 어둠.csv,liquid_file,35,49,바닥,0.33465576171875,0.18693441152572632,0
황대,황대 우유 어둠.csv,liquid_file,35,49,바닥,0.33465576171875,0.18693441152572632,1
황대,황대 우유 어둠.csv,liquid_file,35,49,바닥,0.33465576171875,0.18693441152572632,1
황대,황대 우유 어둠.csv,liquid_file,40,54,바닥,2.26531982421875,0.4002726376056671,0
황대,황대 우유 어둠.csv,liquid_file,40,54,바닥,2.26531982421875,0.4002726376056671,1
황대,황대 우유 어둠.csv,liquid_file,40,54,바닥,2.26531982421875,0.4002726376056671,1
황대,황대 우유 어둠.csv,liquid_file,45,59,우유,41.0653076171875,8.030485153198242,0
황대,황대 우유 어둠.csv,liquid_file,45,59,우유,41.0653076171875,8.030485153198242,1
황대,황대 우유 어둠.csv,liquid_file,45,59,우유,41.0653076171875,8.030485153198242,1
황대,황대 우유 어둠.csv,liquid_file,50,64,우유,56.26531982421875,25.972530364990234,0
황대,황대 우유 어둠.csv,liquid_file,50,64,우유,56.26531982421875,25.972530364990234,1
황대,황대 우유 어둠.csv,liquid_file,50,64,우유,56.26531982421875,25.972530364990234,1
황대,황대 우유 어둠.csv,liquid_file,55,69,우유,56.26531982421875,44.451988220214844,0
황대,황대 우유 어둠.csv,liquid_file,55,69,우유,56.26531982421875,44.451988220214844,1
황대,황대 우유 어둠.csv,liquid_file,55,69,우유,56.26531982421875,44.451988220214844,1
황대,황대 우유 어둠.csv,liquid_file,60,74,우유,56.26531982421875,55.4653205871582,0
황대,황대 우유 어둠.csv,liquid_file,60,74,우유,56.26531982421875,55.4653205871582,1
황대,황대 우유 어둠.csv,liquid_file,60,74,우유,56.26531982421875,55.4653205871582,1
황대,황대 우유 어둠.csv,liquid_file,65,79,우유,56.26531982421875,56.17198181152344,0
황대,황대 우유 어둠.csv,liquid_file,65,79,우유,56.26531982421875,56.17198181152344,1
황대,황대 우유 어둠.csv,liquid_file,65,79,우유,56.26531982421875,56.17198181152344,1
황대,황대 우유 어둠.csv,liquid_file,70,84,우유,56.26531982421875,56.105308532714844,0
황대,황대 우유 어둠.csv,liquid_file,70,84,우유,56.26531982421875,56.105308532714844,1
황대,황대 우유 어둠.csv,liquid_file,70,84,우유,56.26531982421875,56.105308532714844,1
황대,황대 우유 어둠.csv,liquid_file,75,89,우유,56.26531982421875,56.105308532714844,0
황대,황대 우유 어둠.csv,liquid_file,75,89,우유,56.26531982421875,56.105308532714844,1
황대,황대 우유 어둠.csv,liquid_file,75,89,우유,56.26531982421875,56.105308532714844,1
황대,황대 우유 어둠.csv,liquid_file,80,94,우유,56.26531982421875,56.15864562988281,0
황대,황대 우유 어둠.csv,liquid_file,80,94,우유,56.26531982421875,56.15864562988281,1
황대,황대 우유 어둠.csv,liquid_file,80,94,우유,56.26531982421875,56.15864562988281,1
황대,황대 우유 어둠.csv,liquid_file,85,99,우유,56.26531982421875,56.21198272705078,0
황대,황대 우유 어둠.csv,liquid_file,85,99,우유,56.26531982421875,56.21198272705078,1
황대,황대 우유 어둠.csv,liquid_file,85,99,우유,56.26531982421875,56.21198272705078,1
황대,황대 우유 어둠.csv,liquid_file,90,104,우유,56.66534423828125,56.27865219116211,0
황대,황대 우유 어둠.csv,liquid_file,90,104,우유,56.66534423828125,56.27865219116211,1
황대,황대 우유 어둠.csv,liquid_file,90,104,우유,56.66534423828125,56.27865219116211,1
황대,황대 우유 어둠.csv,liquid_file,95,109,우유,56.86529541015625,56.411983489990234,0
황대,황대 우유 어둠.csv,liquid_file,95,109,우유,56.86529541015625,56.411983489990234,1
황대,황대 우유 어둠.csv,liquid_file,95,109,우유,56.86529541015625,56.411983489990234,1
황대,황대 우유 어둠.csv,liquid_file,100,114,우유,56.86529541015625,48.67864990234375,0
황대,황대 우유 어둠.csv,liquid_file,100,114,우유,56.86529541015625,48.67864990234375,1
황대,황대 우유 어둠.csv,liquid_file,100,114,우유,56.86529541015625,48.67864990234375,1
황대,황대 우유 어둠.csv,liquid_file,105,119,우유,56.86529541015625,30.425853729248047,0
황대,황대 우유 어둠.csv,liquid_file,105,119,우유,56.86529541015625,30.425853729248047,1
황대,황대 우유 어둠.csv,liquid_file,105,119,우유,56.86529541015625,30.425853729248047,1
황대,황대 우유 어둠.csv,liquid_file,110,124,우유,51.66534423828125,11.759196281433105,0
황대,황대 우유 어둠.csv,liquid_file,110,124,우유,51.66534423828125,11.759196281433105,1
황대,황대 우유 어둠.csv,liquid_file,110,124,우유,51.66534423828125,11.759196281433105,1
황대,황대 우유 어둠.csv,liquid_file,115,129,바닥,4.46533203125,0.9725341796875,0
황대,황대 우유 어둠.csv,liquid_file,115,129,바닥,4.46533203125,0.9725341796875,1
황대,황대 우유 어둠.csv,liquid_file,115,129,바닥,4.46533203125,0.9725341796875,1
황대,황대 우유 어둠.csv,liquid_file,120,134,바닥,1.26531982421875,0.8386596441268921,0
황대,황대 우유 어둠.csv,liquid_file,120,134,바닥,1.26531982421875,0.8386596441268921,1
황대,황대 우유 어둠.csv,liquid_file,120,134,바닥,1.26531982421875,0.8386596441268921,1
황대,황대 우유 어둠.csv,liquid_file,125,139,바닥,1.26531982421875,0.9853190183639526,0
황대,황대 우유 어둠.csv,liquid_file,125,139,바닥,1.26531982421875,0.9853190183639526,1
황대,황대 우유 어둠.csv,liquid_file,125,139,바닥,1.26531982421875,0.9853190183639526,1
황대,황대 우유 어둠.csv,liquid_file,130,144,바닥,1.26531982421875,1.0519734621047974,0
황대,황대 우유 어둠.csv,liquid_file,130,144,바닥,1.26531982421875,1.0519734621047974,1
황대,황대 우유 어둠.csv,liquid_file,130,144,바닥,1.26531982421875,1.0519734621047974,1
황대,황대 우유 어둠.csv,liquid_file,135,149,바닥,1.26531982421875,0.9986369013786316,0
황대,황대 우유 어둠.csv,liquid_file,135,149,바닥,1.26531982421875,0.9986369013786316,1
황대,황대 우유 어둠.csv,liquid_file,135,149,바닥,1.26531982421875,0.9986369013786316,1
황대,황대 우유 어둠.csv,liquid_file,140,154,바닥,1.26531982421875,1.0519734621047974,0
황대,황대 우유 어둠.csv,liquid_file,140,154,바닥,1.26531982421875,1.0519734621047974,1
황대,황대 우유 어둠.csv,liquid_file,140,154,바닥,1.26531982421875,1.0519734621047974,1
황대,황대 커피 밝음.csv,liquid_file,0,14,바닥,1.32244873046875,1.0424315929412842,0
황대,황대 커피 밝음.csv,liquid_file,0,14,바닥,1.32244873046875,1.0424315929412842,1
황대,황대 커피 밝음.csv,liquid_file,0,14,바닥,1.32244873046875,1.0424315929412842,1
황대,황대 커피 밝음.csv,liquid_file,5,19,바닥,1.32244873046875,1.0024333000183105,0
황대,황대 커피 밝음.csv,liquid_file,5,19,바닥,1.32244873046875,1.0024333000183105,1
황대,황대 커피 밝음.csv,liquid_file,5,19,바닥,1.32244873046875,1.0024333000183105,1
황대,황대 커피 밝음.csv,liquid_file,10,24,바닥,1.32244873046875,0.85577392578125,0
황대,황대 커피 밝음.csv,liquid_file,10,24,바닥,1.32244873046875,0.85577392578125,1
황대,황대 커피 밝음.csv,liquid_file,10,24,바닥,1.32244873046875,0.85577392578125,1
황대,황대 커피 밝음.csv,liquid_file,15,29,바닥,1.1224365234375,0.8291056156158447,0
황대,황대 커피 밝음.csv,liquid_file,15,29,바닥,1.1224365234375,0.8291056156158447,1
황대,황대 커피 밝음.csv,liquid_file,15,29,바닥,1.1224365234375,0.8291056156158447,1
황대,황대 커피 밝음.csv,liquid_file,20,34,바닥,1.1224365234375,0.703125,0
황대,황대 커피 밝음.csv,liquid_file,20,34,바닥,1.1224365234375,0.703125,1
황대,황대 커피 밝음.csv,liquid_file,20,34,바닥,1.1224365234375,0.703125,1
황대,황대 커피 밝음.csv,liquid_file,25,39,바닥,1.1224365234375,0.640820324420929,0
황대,황대 커피 밝음.csv,liquid_file,25,39,바닥,1.1224365234375,0.640820324420929,1
황대,황대 커피 밝음.csv,liquid_file,25,39,바닥,1.1224365234375,0.640820324420929,1
황대,황대 커피 밝음.csv,liquid_file,30,44,바닥,0.92242431640625,0.4274861514568329,0
황대,황대 커피 밝음.csv,liquid_file,30,44,바닥,0.92242431640625,0.4274861514568329,1
황대,황대 커피 밝음.csv,liquid_file,30,44,바닥,0.92242431640625,0.4274861514568329,1
황대,황대 커피 밝음.csv,liquid_file,35,49,커피,7.722412109375,1.1801351308822632,0
황대,황대 커피 밝음.csv,liquid_file,35,49,커피,7.722412109375,1.1801351308822632,1
황대,황대 커피 밝음.csv,liquid_file,35,49,커피,7.722412109375,1.1801351308822632,1
황대,황대 커피 밝음.csv,liquid_file,40,54,커피,17.92242431640625,6.322436332702637,0
황대,황대 커피 밝음.csv,liquid_file,40,54,커피,17.92242431640625,6.322436332702637,1
황대,황대 커피 밝음.csv,liquid_file,40,54,커피,17.92242431640625,6.322436332702637,1
황대,황대 커피 밝음.csv,liquid_file,45,59,커피,17.92242431640625,11.989107131958008,0
황대,황대 커피 밝음.csv,liquid_file,45,59,커피,17.92242431640625,11.989107131958008,1
황대,황대 커피 밝음.csv,liquid_file,45,59,커피,17.92242431640625,11.989107131958008,1
황대,황대 커피 밝음.csv,liquid_file,50,64,커피,17.92242431640625,16.762439727783203,0
황대,황대 커피 밝음.csv,liquid_file,50,64,커피,17.92242431640625,16.762439727783203,1
황대,황대 커피 밝음.csv,liquid_file,50,64,커피,17.92242431640625,16.762439727783203,1
황대,황대 커피 밝음.csv,liquid_file,55,69,커피,17.722412109375,17.189104080200195,0
황대,황대 커피 밝음.csv,liquid_file,55,69,커피,17.722412109375,17.189104080200195,1
황대,황대 커피 밝음.csv,liquid_file,55,69,커피,17.722412109375,17.189104080200195,1
황대,황대 커피 밝음.csv,liquid_file,60,74,커피,17.32244873046875,17.042430877685547,0
황대,황대 커피 밝음.csv,liquid_file,60,74,커피,17.32244873046875,17.042430877685547,1
황대,황대 커피 밝음.csv,liquid_file,60,74,커피,17.32244873046875,17.042430877685547,1
황대,황대 커피 밝음.csv,liquid_file,65,79,커피,17.32244873046875,16.97576141357422,0
황대,황대 커피 밝음.csv,liquid_file,65,79,커피,17.32244873046875,16.97576141357422,1
황대,황대 커피 밝음.csv,liquid_file,65,79,커피,17.32244873046875,16.97576141357422,1
황대,황대 커피 밝음.csv,liquid_file,70,84,커피,17.1224365234375,16.88242530822754,0
황대,황대 커피 밝음.csv,liquid_file,70,84,커피,17.1224365234375,16.88242530822754,1
황대,황대 커피 밝음.csv,liquid_file,70,84,커피,17.1224365234375,16.88242530822754,1
황대,황대 커피 밝음.csv,liquid_file,75,89,커피,17.1224365234375,16.762426376342773,0
황대,황대 커피 밝음.csv,liquid_file,75,89,커피,17.1224365234375,16.762426376342773,1
황대,황대 커피 밝음.csv,liquid_file,75,89,커피,17.1224365234375,16.762426376342773,1
황대,황대 커피 밝음.csv,liquid_file,80,94,커피,17.1224365234375,16.58910369873047,0
황대,황대 커피 밝음.csv,liquid_file,80,94,커피,17.1224365234375,16.58910369873047,1
황대,황대 커피 밝음.csv,liquid_file,80,94,커피,17.1224365234375,16.58910369873047,1
황대,황대 커피 밝음.csv,liquid_file,85,99,커피,17.1224365234375,13.349104881286621,0
황대,황대 커피 밝음.csv,liquid_file,85,99,커피,17.1224365234375,13.349104881286621,1
황대,황대 커피 밝음.csv,liquid_file,85,99,커피,17.1224365234375,13.349104881286621,1
황대,황대 커피 밝음.csv,liquid_file,90,104,커피,17.1224365234375,8.095767974853516,0
황대,황대 커피 밝음.csv,liquid_file,90,104,커피,17.1224365234375,8.095767974853516,1
황대,황대 커피 밝음.csv,liquid_file,90,104,커피,17.1224365234375,8.095767974853516,1
황대,황대 커피 밝음.csv,liquid_file,95,109,커피,12.92242431640625,2.855761766433716,0
황대,황대 커피 밝음.csv,liquid_file,95,109,커피,12.92242431640625,2.855761766433716,1
황대,황대 커피 밝음.csv,liquid_file,95,109,커피,12.92242431640625,2.855761766433716,1
황대,황대 커피 밝음.csv,liquid_file,100,114,바닥,1.1224365234375,0.6394450068473816,0
황대,황대 커피 밝음.csv,liquid_file,100,114,바닥,1.1224365234375,0.6394450068473816,1
황대,황대 커피 밝음.csv,liquid_file,100,114,바닥,1.1224365234375,0.6394450068473816,1
황대,황대 커피 밝음.csv,liquid_file,105,119,바닥,0.722412109375,0.4304768741130829,0
황대,황대 커피 밝음.csv,liquid_file,105,119,바닥,0.722412109375,0.4304768741130829,1
황대,황대 커피 밝음.csv,liquid_file,105,119,바닥,0.722412109375,0.4304768741130829,1
황대,황대 커피 밝음.csv,liquid_file,110,124,바닥,1.1224365234375,0.4274861514568329,0
황대,황대 커피 밝음.csv,liquid_file,110,124,바닥,1.1224365234375,0.4274861514568329,1
황대,황대 커피 밝음.csv,liquid_file,110,124,바닥,1.1224365234375,0.4274861514568329,1
황대,황대 커피 밝음.csv,liquid_file,115,129,바닥,1.1224365234375,0.6304687261581421,0
황대,황대 커피 밝음.csv,liquid_file,115,129,바닥,1.1224365234375,0.6304687261581421,1
황대,황대 커피 밝음.csv,liquid_file,115,129,바닥,1.1224365234375,0.6304687261581421,1
황대,황대 커피 밝음.csv,liquid_file,120,134,바닥,1.32244873046875,0.9194417595863342,0
황대,황대 커피 밝음.csv,liquid_file,120,134,바닥,1.32244873046875,0.9194417595863342,1
황대,황대 커피 밝음.csv,liquid_file,120,134,바닥,1.32244873046875,0.9194417595863342,1
황대,황대 커피 밝음.csv,liquid_file,125,139,바닥,1.32244873046875,0.9490966796875,0
황대,황대 커피 밝음.csv,liquid_file,125,139,바닥,1.32244873046875,0.9490966796875,1
황대,황대 커피 밝음.csv,liquid_file,125,139,바닥,1.32244873046875,0.9490966796875,1
황대,황대 커피 어둠.csv,liquid_file,0,14,바닥,0.25714111328125,0.1885782927274704,0
황대,황대 커피 어둠.csv,liquid_file,0,14,바닥,0.25714111328125,0.1885782927274704,1
황대,황대 커피 어둠.csv,liquid_file,0,14,바닥,0.25714111328125,0.1885782927274704,1
황대,황대 커피 어둠.csv,liquid_file,6,20,바닥,0.25714111328125,0.13143309950828552,0
황대,황대 커피 어둠.csv,liquid_file,6,20,바닥,0.25714111328125,0.13143309950828552,1
황대,황대 커피 어둠.csv,liquid_file,6,20,바닥,0.25714111328125,0.13143309950828552,1
황대,황대 커피 어둠.csv,liquid_file,12,26,바닥,0.5428466796875,0.17332357168197632,0
황대,황대 커피 어둠.csv,liquid_file,12,26,바닥,0.5428466796875,0.17332357168197632,1
황대,황대 커피 어둠.csv,liquid_file,12,26,바닥,0.5428466796875,0.17332357168197632,1
황대,황대 커피 어둠.csv,liquid_file,18,32,바닥,0.5428466796875,0.23047281801700592,0
황대,황대 커피 어둠.csv,liquid_file,18,32,바닥,0.5428466796875,0.23047281801700592,1
황대,황대 커피 어둠.csv,liquid_file,18,32,바닥,0.5428466796875,0.23047281801700592,1
황대,황대 커피 어둠.csv,liquid_file,24,38,바닥,0.4571533203125,0.22857666015625,0
황대,황대 커피 어둠.csv,liquid_file,24,38,바닥,0.4571533203125,0.22857666015625,1
황대,황대 커피 어둠.csv,liquid_file,24,38,바닥,0.4571533203125,0.22857666015625,1
황대,황대 커피 어둠.csv,liquid_file,30,44,바닥,0.4571533203125,0.2171630859375,0
황대,황대 커피 어둠.csv,liquid_file,30,44,바닥,0.4571533203125,0.2171630859375,1
황대,황대 커피 어둠.csv,liquid_file,30,44,바닥,0.4571533203125,0.2171630859375,1
황대,황대 커피 어둠.csv,liquid_file,36,50,바닥,1.05718994140625,0.33716633915901184,0
황대,황대 커피 어둠.csv,liquid_file,36,50,바닥,1.05718994140625,0.33716633915901184,1
황대,황대 커피 어둠.csv,liquid_file,36,50,바닥,1.05718994140625,0.33716633915901184,1
황대,황대 커피 어둠.csv,liquid_file,42,56,커피,13.65716552734375,3.497164011001587,0
황대,황대 커피 어둠.csv,liquid_file,42,56,커피,13.65716552734375,3.497164011001587,1
황대,황대 커피 어둠.csv,liquid_file,42,56,커피,13.65716552734375,3.497164011001587,1
황대,황대 커피 어둠.csv,liquid_file,48,62,커피,16.65716552734375,9.750496864318848,0
황대,황대 커피 어둠.csv,liquid_file,48,62,커피,16.65716552734375,9.750496864318848,1
황대,황대 커피 어둠.csv,liquid_file,48,62,커피,16.65716552734375,9.750496864318848,1
황대,황대 커피 어둠.csv,liquid_file,54,68,커피,16.65716552734375,14.470491409301758,0
황대,황대 커피 어둠.csv,liquid_file,54,68,커피,16.65716552734375,14.470491409301758,1
황대,황대 커피 어둠.csv,liquid_file,54,68,커피,16.65716552734375,14.470491409301758,1
황대,황대 커피 어둠.csv,liquid_file,60,74,커피,16.4571533203125,14.723819732666016,0
황대,황대 커피 어둠.csv,liquid_file,60,74,커피,16.4571533203125,14.723819732666016,1
황대,황대 커피 어둠.csv,liquid_file,60,74,커피,16.4571533203125,14.723819732666016,1
황대,황대 커피 어둠.csv,liquid_file,66,80,커피,14.65716552734375,14.470487594604492,0
황대,황대 커피 어둠.csv,liquid_file,66,80,커피,14.65716552734375,14.470487594604492,1
황대,황대 커피 어둠.csv,liquid_file,66,80,커피,14.65716552734375,14.470487594604492,1
황대,황대 커피 어둠.csv,liquid_file,72,86,커피,14.65716552734375,14.497156143188477,0
황대,황대 커피 어둠.csv,liquid_file,72,86,커피,14.65716552734375,14.497156143188477,1
황대,황대 커피 어둠.csv,liquid_file,72,86,커피,14.65716552734375,14.497156143188477,1
황대,황대 커피 어둠.csv,liquid_file,78,92,커피,14.65716552734375,14.510489463806152,0
황대,황대 커피 어둠.csv,liquid_file,78,92,커피,14.65716552734375,14.510489463806152,1
황대,황대 커피 어둠.csv,liquid_file,78,92,커피,14.65716552734375,14.510489463806152,1
황대,황대 커피 어둠.csv,liquid_file,84,98,커피,14.65716552734375,14.377161026000977,0
황대,황대 커피 어둠.csv,liquid_file,84,98,커피,14.65716552734375,14.377161026000977,1
황대,황대 커피 어둠.csv,liquid_file,84,98,커피,14.65716552734375,14.377161026000977,1
황대,황대 커피 어둠.csv,liquid_file,90,104,커피,14.4571533203125,14.257157325744629,0
황대,황대 커피 어둠.csv,liquid_file,90,104,커피,14.4571533203125,14.257157325744629,1
황대,황대 커피 어둠.csv,liquid_file,90,104,커피,14.4571533203125,14.257157325744629,1
황대,황대 커피 어둠.csv,liquid_file,96,110,커피,14.4571533203125,14.097164154052734,0
황대,황대 커피 어둠.csv,liquid_file,96,110,커피,14.4571533203125,14.097164154052734,1
황대,황대 커피 어둠.csv,liquid_file,96,110,커피,14.4571533203125,14.097164154052734,1
황대,황대 커피 어둠.csv,liquid_file,102,116,커피,14.65716552734375,14.083829879760742,0
황대,황대 커피 어둠.csv,liquid_file,102,116,커피,14.65716552734375,14.083829879760742,1
황대,황대 커피 어둠.csv,liquid_file,102,116,커피,14.65716552734375,14.083829879760742,1
황대,황대 커피 어둠.csv,liquid_file,108,122,커피,14.65716552734375,11.710497856140137,0
황대,황대 커피 어둠.csv,liquid_file,108,122,커피,14.65716552734375,11.710497856140137,1
황대,황대 커피 어둠.csv,liquid_file,108,122,커피,14.65716552734375,11.710497856140137,1
황대,황대 커피 어둠.csv,liquid_file,114,128,커피,14.65716552734375,6.691430568695068,0
황대,황대 커피 어둠.csv,liquid_file,114,128,커피,14.65716552734375,6.691430568695068,1
황대,황대 커피 어둠.csv,liquid_file,114,128,커피,14.65716552734375,6.691430568695068,1
황대,황대 커피 어둠.csv,liquid_file,120,134,커피,6.857177734375,1.8723714351654053,0
황대,황대 커피 어둠.csv,liquid_file,120,134,커피,6.857177734375,1.8723714351654053,1
황대,황대 커피 어둠.csv,liquid_file,120,134,커피,6.857177734375,1.8723714351654053,1
황대,황대 커피 어둠.csv,liquid_file,126,140,바닥,1.5428466796875,1.3961710929870605,0
황대,황대 커피 어둠.csv,liquid_file,126,140,바닥,1.5428466796875,1.3961710929870605,1
황대,황대 커피 어둠.csv,liquid_file,126,140,바닥,1.5428466796875,1.3961710929870605,1
황대,황대 커피 어둠.csv,liquid_file,132,146,바닥,1.5428466796875,1.3295003175735474,0
황대,황대 커피 어둠.csv,liquid_file,132,146,바닥,1.5428466796875,1.3295003175735474,1
황대,황대 커피 어둠.csv,liquid_file,132,146,바닥,1.5428466796875,1.3295003175735474,1
황대,황대 커피 어둠.csv,liquid_file,138,152,바닥,1.5428466796875,1.156164526939392,0
황대,황대 커피 어둠.csv,liquid_file,138,152,바닥,1.5428466796875,1.156164526939392,1
황대,황대 커피 어둠.csv,liquid_file,138,152,바닥,1.5428466796875,1.156164526939392,1
황대,황대 커피 어둠.csv,liquid_file,144,158,바닥,1.5428466796875,0.982836902141571,0
황대,황대 커피 어둠.csv,liquid_file,144,158,바닥,1.5428466796875,0.982836902141571,1
황대,황대 커피 어둠.csv,liquid_file,144,158,바닥,1.5428466796875,0.982836902141571,1
황대,황대 커피 어둠.csv,liquid_file,150,164,바닥,1.34283447265625,0.670458972454071,0
황대,황대 커피 어둠.csv,liquid_file,150,164,바닥,1.34283447265625,0.670458972454071,1
황대,황대 커피 어둠.csv,liquid_file,150,164,바닥,1.34283447265625,0.670458972454071,1
황대,황대 커피 어둠.csv,liquid_file,156,170,바닥,0.74285888671875,0.30095213651657104,0
황대,황대 커피 어둠.csv,liquid_file,156,170,바닥,0.74285888671875,0.30095213651657104,1
황대,황대 커피 어둠.csv,liquid_file,156,170,바닥,0.74285888671875,0.30095213651657104,1
황대,황대 콜라 어둠.csv,liquid_file,0,14,바닥,0.21630859375,0.1142781600356102,0
황대,황대 콜라 어둠.csv,liquid_file,0,14,바닥,0.21630859375,0.1142781600356102,1
황대,황대 콜라 어둠.csv,liquid_file,0,14,바닥,0.21630859375,0.1142781600356102,1
황대,황대 콜라 어둠.csv,liquid_file,5,19,바닥,0.41632080078125,0.21196289360523224,0
황대,황대 콜라 어둠.csv,liquid_file,5,19,바닥,0.41632080078125,0.21196289360523224,1
황대,황대 콜라 어둠.csv,liquid_file,5,19,바닥,0.41632080078125,0.21196289360523224,1
황대,황대 콜라 어둠.csv,liquid_file,10,24,바닥,0.41632080078125,0.2652994692325592,0
황대,황대 콜라 어둠.csv,liquid_file,10,24,바닥,0.41632080078125,0.2652994692325592,1
황대,황대 콜라 어둠.csv,liquid_file,10,24,바닥,0.41632080078125,0.2652994692325592,1
황대,황대 콜라 어둠.csv,liquid_file,15,29,바닥,0.41632080078125,0.2829793393611908,0
황대,황대 콜라 어둠.csv,liquid_file,15,29,바닥,0.41632080078125,0.2829793393611908,1
황대,황대 콜라 어둠.csv,liquid_file,15,29,바닥,0.41632080078125,0.2829793393611908,1
황대,황대 콜라 어둠.csv,liquid_file,20,34,바닥,0.41632080078125,0.21630859375,0
황대,황대 콜라 어둠.csv,liquid_file,20,34,바닥,0.41632080078125,0.21630859375,1
황대,황대 콜라 어둠.csv,liquid_file,20,34,바닥,0.41632080078125,0.21630859375,1
황대,황대 콜라 어둠.csv,liquid_file,25,39,바닥,0.41632080078125,0.16297200322151184,0
황대,황대 콜라 어둠.csv,liquid_file,25,39,바닥,0.41632080078125,0.16297200322151184,1
황대,황대 콜라 어둠.csv,liquid_file,25,39,바닥,0.41632080078125,0.16297200322151184,1
황대,황대 콜라 어둠.csv,liquid_file,30,44,바닥,0.41632080078125,0.13413086533546448,0
황대,황대 콜라 어둠.csv,liquid_file,30,44,바닥,0.41632080078125,0.13413086533546448,1
황대,황대 콜라 어둠.csv,liquid_file,30,44,바닥,0.41632080078125,0.13413086533546448,1
황대,황대 콜라 어둠.csv,liquid_file,35,49,바닥,0.6163330078125,0.21195882558822632,0
황대,황대 콜라 어둠.csv,liquid_file,35,49,바닥,0.6163330078125,0.21195882558822632,1
황대,황대 콜라 어둠.csv,liquid_file,35,49,바닥,0.6163330078125,0.21195882558822632,1
황대,황대 콜라 어둠.csv,liquid_file,40,54,콜라,23.3836669921875,4.441088676452637,0
황대,황대 콜라 어둠.csv,liquid_file,40,54,콜라,23.3836669921875,4.441088676452637,1
황대,황대 콜라 어둠.csv,liquid_file,40,54,콜라,23.3836669921875,4.441088676452637,1
황대,황대 콜라 어둠.csv,liquid_file,45,59,콜라,29.98370361328125,14.09906005859375,0
황대,황대 콜라 어둠.csv,liquid_file,45,59,콜라,29.98370361328125,14.09906005859375,1
황대,황대 콜라 어둠.csv,liquid_file,45,59,콜라,29.98370361328125,14.09906005859375,1
황대,황대 콜라 어둠.csv,liquid_file,50,64,콜라,29.98370361328125,23.90369415283203,0
황대,황대 콜라 어둠.csv,liquid_file,50,64,콜라,29.98370361328125,23.90369415283203,1
황대,황대 콜라 어둠.csv,liquid_file,50,64,콜라,29.98370361328125,23.90369415283203,1
황대,황대 콜라 어둠.csv,liquid_file,55,69,콜라,30.1837158203125,29.69036865234375,0
황대,황대 콜라 어둠.csv,liquid_file,55,69,콜라,30.1837158203125,29.69036865234375,1
황대,황대 콜라 어둠.csv,liquid_file,55,69,콜라,30.1837158203125,29.69036865234375,1
황대,황대 콜라 어둠.csv,liquid_file,60,74,콜라,30.1837158203125,29.98370361328125,0
황대,황대 콜라 어둠.csv,liquid_file,60,74,콜라,30.1837158203125,29.98370361328125,1
황대,황대 콜라 어둠.csv,liquid_file,60,74,콜라,30.1837158203125,29.98370361328125,1
황대,황대 콜라 어둠.csv,liquid_file,65,79,콜라,30.1837158203125,30.05037498474121,0
황대,황대 콜라 어둠.csv,liquid_file,65,79,콜라,30.1837158203125,30.05037498474121,1
황대,황대 콜라 어둠.csv,liquid_file,65,79,콜라,30.1837158203125,30.05037498474121,1
황대,황대 콜라 어둠.csv,liquid_file,70,84,콜라,30.1837158203125,30.05037498474121,0
황대,황대 콜라 어둠.csv,liquid_file,70,84,콜라,30.1837158203125,30.05037498474121,1
황대,황대 콜라 어둠.csv,liquid_file,70,84,콜라,30.1837158203125,30.05037498474121,1
황대,황대 콜라 어둠.csv,liquid_file,75,89,콜라,30.1837158203125,30.05037498474121,0
황대,황대 콜라 어둠.csv,liquid_file,75,89,콜라,30.1837158203125,30.05037498474121,1
황대,황대 콜라 어둠.csv,liquid_file,75,89,콜라,30.1837158203125,30.05037498474121,1
황대,황대 콜라 어둠.csv,liquid_file,80,94,콜라,30.1837158203125,30.03704071044922,0
황대,황대 콜라 어둠.csv,liquid_file,80,94,콜라,30.1837158203125,30.03704071044922,1
황대,황대 콜라 어둠.csv,liquid_file,80,94,콜라,30.1837158203125,30.03704071044922,1
황대,황대 콜라 어둠.csv,liquid_file,85,99,콜라,29.98370361328125,29.91703224182129,0
황대,황대 콜라 어둠.csv,liquid_file,85,99,콜라,29.98370361328125,29.91703224182129,1
황대,황대 콜라 어둠.csv,liquid_file,85,99,콜라,29.98370361328125,29.91703224182129,1
황대,황대 콜라 어둠.csv,liquid_file,90,104,콜라,29.98370361328125,28.33036231994629,0
황대,황대 콜라 어둠.csv,liquid_file,90,104,콜라,29.98370361328125,28.33036231994629,1
황대,황대 콜라 어둠.csv,liquid_file,90,104,콜라,29.98370361328125,28.33036231994629,1
황대,황대 콜라 어둠.csv,liquid_file,95,109,콜라,29.78369140625,19.72355079650879,0
황대,황대 콜라 어둠.csv,liquid_file,95,109,콜라,29.78369140625,19.72355079650879,1
황대,황대 콜라 어둠.csv,liquid_file,95,109,콜라,29.78369140625,19.72355079650879,1
황대,황대 콜라 어둠.csv,liquid_file,100,114,콜라,29.78369140625,11.107755661010742,0
황대,황대 콜라 어둠.csv,liquid_file,100,114,콜라,29.78369140625,11.107755661010742,1
황대,황대 콜라 어둠.csv,liquid_file,100,114,콜라,29.78369140625,11.107755661010742,1
황대,황대 콜라 어둠.csv,liquid_file,105,119,콜라,10.3836669921875,4.1052937507629395,0
황대,황대 콜라 어둠.csv,liquid_file,105,119,콜라,10.3836669921875,4.1052937507629395,1
황대,황대 콜라 어둠.csv,liquid_file,105,119,콜라,10.3836669921875,4.1052937507629395,1
황대,황대 콜라 어둠.csv,liquid_file,110,124,바닥,4.21630859375,4.109639644622803,0
황대,황대 콜라 어둠.csv,liquid_file,110,124,바닥,4.21630859375,4.109639644622803,1
황대,황대 콜라 어둠.csv,liquid_file,110,124,바닥,4.21630859375,4.109639644622803,1
황대,황대 콜라 어둠.csv,liquid_file,115,129,바닥,4.21630859375,4.149637699127197,0
황대,황대 콜라 어둠.csv,liquid_file,115,129,바닥,4.21630859375,4.149637699127197,1
황대,황대 콜라 어둠.csv,liquid_file,115,129,바닥,4.21630859375,4.149637699127197,1
황대,황대 콜라 어둠.csv,liquid_file,120,134,바닥,4.21630859375,4.149637699127197,0
황대,황대 콜라 어둠.csv,liquid_file,120,134,바닥,4.21630859375,4.149637699127197,1
황대,황대 콜라 어둠.csv,liquid_file,120,134,바닥,4.21630859375,4.149637699127197,1
황대,황대 콜라 어둠.csv,liquid_file,125,139,바닥,4.21630859375,4.1629719734191895,0
황대,황대 콜라 어둠.csv,liquid_file,125,139,바닥,4.21630859375,4.1629719734191895,1
황대,황대 콜라 어둠.csv,liquid_file,125,139,바닥,4.21630859375,4.1629719734191895,1
